symbol	n	sources	germ	fusion	tumorsuppressor	oncogene
A1CF	2	NGC_known|cosmic2	FALSE	FALSE	FALSE	TRUE
ABCB11	1	predispose	TRUE	FALSE	FALSE	FALSE
ABI1	3	NGC_known|foundation_one_heme|cosmic1	FALSE	TRUE	TRUE	FALSE
ABL1	13	AZ300|PMCC|TS500|TEMPUS|NGC_known|Cancermine|oncokb|msk_impact|msk_heme|foundation_one|foundation_one_heme|vogelstein|cosmic1	FALSE	TRUE	FALSE	TRUE
ABL2	7	PMCC|TS500|TEMPUS|NGC_known|foundation_one|foundation_one_heme|cosmic1	FALSE	TRUE	FALSE	TRUE
ABRAXAS1	4	predispose|TS500|TEMPUS|familial_cancer	TRUE	FALSE	FALSE	FALSE
ACD	1	predispose	TRUE	FALSE	FALSE	FALSE
ACKR3	2	NGC_known|cosmic1	FALSE	TRUE	FALSE	TRUE
ACSL3	2	NGC_known|cosmic1	FALSE	TRUE	FALSE	FALSE
ACSL6	3	NGC_known|foundation_one_heme|cosmic2	FALSE	TRUE	FALSE	FALSE
ACTB	2	NGC_other|foundation_one_heme	FALSE	FALSE	FALSE	FALSE
ACTG1	2	oncokb|msk_heme	FALSE	FALSE	FALSE	FALSE
ACVR1	6	TS500|NGC_known|NGC_other|oncokb|msk_impact|cosmic1	FALSE	FALSE	FALSE	TRUE
ACVR1B	8	AZ300|PMCC|TS500|TEMPUS|NGC_known|NGC_other|foundation_one|vogelstein	FALSE	FALSE	TRUE	FALSE
ACVR2A	4	AZ300|NGC_known|NGC_other|cosmic1	FALSE	FALSE	TRUE	FALSE
ADGRA2	4	PMCC|TS500|foundation_one|foundation_one_heme	FALSE	FALSE	FALSE	FALSE
AFDN	1	NGC_known	FALSE	TRUE	FALSE	TRUE
AFF1	3	NGC_known|foundation_one_heme|cosmic1	FALSE	TRUE	FALSE	FALSE
AFF3	2	NGC_known|cosmic1	FALSE	TRUE	FALSE	TRUE
AFF4	3	NGC_known|foundation_one_heme|cosmic1	FALSE	TRUE	FALSE	TRUE
AGO2	2	oncokb|msk_impact	FALSE	FALSE	FALSE	FALSE
AIP	2	predispose|familial_cancer	TRUE	FALSE	FALSE	FALSE
AJUBA	3	AZ300|TEMPUS|NGC_other	FALSE	FALSE	FALSE	FALSE
AKAP9	2	NGC_known|cosmic2	FALSE	TRUE	FALSE	FALSE
AKT1	16	predispose|AZ300|PMCC|TS500|TEMPUS|familial_cancer|NGC_known|NGC_other|Cancermine|oncokb|msk_impact|msk_heme|foundation_one|foundation_one_heme|vogelstein|cosmic1	TRUE	FALSE	FALSE	TRUE
AKT2	12	AZ300|PMCC|TS500|TEMPUS|NGC_known|NGC_other|oncokb|msk_impact|msk_heme|foundation_one|foundation_one_heme|cosmic1	FALSE	FALSE	FALSE	TRUE
AKT3	11	AZ300|PMCC|TS500|TEMPUS|NGC_known|oncokb|msk_impact|msk_heme|foundation_one|foundation_one_heme|cosmic2	FALSE	FALSE	FALSE	TRUE
ALDH2	2	NGC_known|cosmic2	FALSE	TRUE	FALSE	FALSE
ALK	16	predispose|AZ300|PMCC|TS500|TEMPUS|familial_cancer|NGC_known|NGC_other|Cancermine|oncokb|msk_impact|msk_heme|foundation_one|foundation_one_heme|vogelstein|cosmic1	TRUE	TRUE	FALSE	TRUE
ALOX12B	4	TS500|oncokb|msk_impact|msk_heme	FALSE	FALSE	FALSE	FALSE
AMER1	13	AZ300|PMCC|TS500|TEMPUS|NGC_known|NGC_other|oncokb|msk_impact|msk_heme|foundation_one|foundation_one_heme|vogelstein|cosmic1	FALSE	FALSE	TRUE	FALSE
ANK1	2	NGC_known|cosmic2	FALSE	FALSE	FALSE	FALSE
ANKRD11	3	TS500|oncokb|msk_impact	FALSE	FALSE	FALSE	FALSE
APC	16	predispose|AZ300|PMCC|TS500|TEMPUS|familial_cancer|NGC_known|NGC_other|Cancermine|oncokb|msk_impact|msk_heme|foundation_one|foundation_one_heme|vogelstein|cosmic1	TRUE	FALSE	TRUE	TRUE
APOB	2	TEMPUS|NGC_other	FALSE	FALSE	FALSE	FALSE
APOBEC3B	3	predispose|NGC_known|cosmic1	TRUE	FALSE	FALSE	FALSE
AR	15	predispose|AZ300|PMCC|TS500|TEMPUS|NGC_known|NGC_other|Cancermine|oncokb|msk_impact|msk_heme|foundation_one|foundation_one_heme|vogelstein|cosmic1	TRUE	FALSE	TRUE	TRUE
ARAF	11	AZ300|PMCC|TS500|TEMPUS|NGC_known|oncokb|msk_impact|msk_heme|foundation_one|foundation_one_heme|cosmic2	FALSE	FALSE	FALSE	TRUE
ARFRP1	4	PMCC|TS500|foundation_one|foundation_one_heme	FALSE	FALSE	FALSE	FALSE
ARHGAP26	4	TEMPUS|NGC_known|foundation_one_heme|cosmic1	FALSE	TRUE	TRUE	FALSE
ARHGAP35	3	AZ300|TEMPUS|NGC_other	FALSE	FALSE	FALSE	FALSE
ARHGAP5	2	NGC_known|cosmic2	FALSE	FALSE	FALSE	TRUE
ARHGEF10	2	NGC_known|cosmic2	FALSE	FALSE	TRUE	FALSE
ARHGEF10L	2	NGC_known|cosmic2	FALSE	FALSE	TRUE	FALSE
ARHGEF12	3	NGC_known|foundation_one_heme|cosmic1	FALSE	TRUE	TRUE	FALSE
ARHGEF28	2	oncokb|msk_heme	FALSE	FALSE	FALSE	FALSE
ARID1A	14	AZ300|PMCC|TS500|TEMPUS|NGC_known|NGC_other|Cancermine|oncokb|msk_impact|msk_heme|foundation_one|foundation_one_heme|vogelstein|cosmic1	FALSE	TRUE	TRUE	FALSE
ARID1B	12	AZ300|PMCC|TS500|TEMPUS|NGC_known|NGC_other|oncokb|msk_impact|msk_heme|foundation_one|vogelstein|cosmic1	FALSE	FALSE	TRUE	FALSE
ARID2	13	AZ300|PMCC|TS500|TEMPUS|NGC_known|NGC_other|oncokb|msk_impact|msk_heme|foundation_one|foundation_one_heme|vogelstein|cosmic1	FALSE	FALSE	TRUE	FALSE
ARID3A	2	oncokb|msk_heme	FALSE	FALSE	FALSE	FALSE
ARID3B	2	oncokb|msk_heme	FALSE	FALSE	FALSE	FALSE
ARID3C	2	oncokb|msk_heme	FALSE	FALSE	FALSE	FALSE
ARID4A	2	oncokb|msk_heme	FALSE	FALSE	FALSE	FALSE
ARID4B	2	oncokb|msk_heme	FALSE	FALSE	FALSE	FALSE
ARID5A	2	oncokb|msk_heme	FALSE	FALSE	FALSE	FALSE
ARID5B	7	AZ300|TS500|TEMPUS|NGC_other|oncokb|msk_impact|msk_heme	FALSE	FALSE	FALSE	FALSE
ARNT	3	NGC_known|foundation_one_heme|cosmic1	FALSE	TRUE	FALSE	FALSE
ASPSCR1	2	NGC_known|cosmic1	FALSE	TRUE	FALSE	FALSE
ASXL1	13	AZ300|PMCC|TS500|TEMPUS|NGC_known|NGC_other|oncokb|msk_impact|msk_heme|foundation_one|foundation_one_heme|vogelstein|cosmic1	FALSE	FALSE	TRUE	FALSE
ASXL2	7	TS500|NGC_known|NGC_other|oncokb|msk_impact|msk_heme|cosmic2	FALSE	FALSE	TRUE	FALSE
ATF1	3	NGC_known|foundation_one_heme|cosmic1	FALSE	TRUE	FALSE	TRUE
ATIC	4	TEMPUS|NGC_known|foundation_one_heme|cosmic1	FALSE	TRUE	FALSE	FALSE
ATM	16	predispose|AZ300|PMCC|TS500|TEMPUS|familial_cancer|NGC_known|NGC_other|Cancermine|oncokb|msk_impact|msk_heme|foundation_one|foundation_one_heme|vogelstein|cosmic1	TRUE	FALSE	TRUE	FALSE
ATP1A1	2	NGC_known|cosmic1	FALSE	FALSE	FALSE	FALSE
ATP2B3	2	NGC_known|cosmic1	FALSE	FALSE	TRUE	FALSE
ATP6AP1	2	oncokb|msk_heme	FALSE	FALSE	FALSE	FALSE
ATP6V1B2	2	oncokb|msk_heme	FALSE	FALSE	FALSE	FALSE
ATR	14	predispose|AZ300|PMCC|TS500|TEMPUS|familial_cancer|NGC_known|NGC_other|oncokb|msk_impact|msk_heme|foundation_one|foundation_one_heme|cosmic1	TRUE	FALSE	TRUE	FALSE
ATRX	13	AZ300|PMCC|TS500|TEMPUS|NGC_known|NGC_other|oncokb|msk_impact|msk_heme|foundation_one|foundation_one_heme|vogelstein|cosmic1	FALSE	FALSE	TRUE	FALSE
ATXN2	2	oncokb|msk_heme	FALSE	FALSE	FALSE	FALSE
AURKA	9	PMCC|TS500|TEMPUS|Cancermine|oncokb|msk_impact|msk_heme|foundation_one|foundation_one_heme	FALSE	FALSE	FALSE	TRUE
AURKB	8	PMCC|TS500|TEMPUS|oncokb|msk_impact|msk_heme|foundation_one|foundation_one_heme	FALSE	FALSE	FALSE	FALSE
AXIN1	14	predispose|PMCC|TS500|TEMPUS|familial_cancer|NGC_known|NGC_other|oncokb|msk_impact|msk_heme|foundation_one|foundation_one_heme|vogelstein|cosmic1	TRUE	FALSE	TRUE	FALSE
AXIN2	10	predispose|AZ300|TS500|TEMPUS|familial_cancer|NGC_known|NGC_other|oncokb|msk_impact|cosmic1	TRUE	FALSE	TRUE	FALSE
AXL	8	PMCC|TS500|TEMPUS|oncokb|msk_impact|msk_heme|foundation_one|foundation_one_heme	FALSE	FALSE	FALSE	FALSE
B2M	10	TS500|TEMPUS|NGC_known|NGC_other|oncokb|msk_impact|msk_heme|foundation_one_heme|vogelstein|cosmic1	FALSE	FALSE	TRUE	FALSE
BABAM1	2	oncokb|msk_impact	FALSE	FALSE	FALSE	FALSE
BACH2	2	oncokb|msk_heme	FALSE	FALSE	FALSE	FALSE
BAP1	16	predispose|AZ300|PMCC|TS500|TEMPUS|familial_cancer|NGC_known|NGC_other|Cancermine|oncokb|msk_impact|msk_heme|foundation_one|foundation_one_heme|vogelstein|cosmic1	TRUE	FALSE	TRUE	FALSE
BARD1	12	predispose|PMCC|TS500|TEMPUS|familial_cancer|NGC_known|oncokb|msk_impact|msk_heme|foundation_one|foundation_one_heme|cosmic1	TRUE	FALSE	TRUE	FALSE
BAX	2	NGC_known|cosmic1	FALSE	FALSE	TRUE	FALSE
BAZ1A	2	NGC_known|cosmic2	FALSE	FALSE	TRUE	FALSE
BBC3	3	TS500|oncokb|msk_impact	FALSE	FALSE	FALSE	FALSE
BCL10	8	TS500|TEMPUS|NGC_known|oncokb|msk_impact|msk_heme|foundation_one_heme|cosmic1	FALSE	TRUE	TRUE	FALSE
BCL11A	3	NGC_known|foundation_one_heme|cosmic1	FALSE	TRUE	FALSE	TRUE
BCL11B	7	TEMPUS|NGC_known|NGC_other|oncokb|msk_heme|foundation_one_heme|cosmic1	FALSE	TRUE	FALSE	FALSE
BCL2	13	PMCC|TS500|TEMPUS|NGC_known|NGC_other|Cancermine|oncokb|msk_impact|msk_heme|foundation_one|foundation_one_heme|vogelstein|cosmic1	FALSE	TRUE	FALSE	TRUE
BCL2L1	7	AZ300|PMCC|TS500|TEMPUS|oncokb|msk_impact|foundation_one	FALSE	FALSE	FALSE	FALSE
BCL2L11	4	TS500|TEMPUS|oncokb|msk_impact	FALSE	FALSE	FALSE	FALSE
BCL2L12	2	NGC_known|cosmic2	FALSE	FALSE	FALSE	TRUE
BCL2L2	4	PMCC|TS500|foundation_one|foundation_one_heme	FALSE	FALSE	FALSE	FALSE
BCL3	3	NGC_known|foundation_one_heme|cosmic1	FALSE	TRUE	FALSE	TRUE
BCL6	10	PMCC|TS500|TEMPUS|NGC_known|Cancermine|oncokb|msk_impact|msk_heme|foundation_one_heme|cosmic1	FALSE	TRUE	FALSE	TRUE
BCL7A	4	TEMPUS|NGC_known|foundation_one_heme|cosmic1	FALSE	TRUE	FALSE	FALSE
BCL9	5	AZ300|NGC_known|Cancermine|foundation_one_heme|cosmic1	FALSE	TRUE	FALSE	TRUE
BCL9L	2	NGC_known|cosmic1	FALSE	FALSE	FALSE	FALSE
BCLAF1	4	TEMPUS|NGC_known|NGC_other|cosmic2	FALSE	FALSE	FALSE	FALSE
BCOR	12	PMCC|TS500|TEMPUS|NGC_known|NGC_other|oncokb|msk_impact|msk_heme|foundation_one|foundation_one_heme|vogelstein|cosmic1	FALSE	TRUE	TRUE	FALSE
BCORL1	10	PMCC|TS500|TEMPUS|NGC_known|NGC_other|oncokb|msk_heme|foundation_one|foundation_one_heme|cosmic1	FALSE	FALSE	FALSE	FALSE
BCR	10	TS500|TEMPUS|NGC_known|NGC_other|Cancermine|oncokb|msk_heme|foundation_one|foundation_one_heme|cosmic1	FALSE	TRUE	FALSE	TRUE
BIRC3	8	TS500|TEMPUS|NGC_known|oncokb|msk_impact|msk_heme|foundation_one_heme|cosmic1	FALSE	TRUE	FALSE	FALSE
BIRC6	2	NGC_known|cosmic2	FALSE	TRUE	FALSE	TRUE
BLM	12	predispose|PMCC|TS500|TEMPUS|familial_cancer|NGC_known|oncokb|msk_impact|msk_heme|foundation_one|foundation_one_heme|cosmic1	TRUE	FALSE	TRUE	FALSE
BMP5	2	NGC_known|cosmic2	FALSE	FALSE	FALSE	FALSE
BMPR1A	8	predispose|TS500|TEMPUS|familial_cancer|NGC_known|oncokb|msk_impact|cosmic1	TRUE	FALSE	FALSE	FALSE
BRAF	15	predispose|AZ300|PMCC|TS500|TEMPUS|NGC_known|NGC_other|Cancermine|oncokb|msk_impact|msk_heme|foundation_one|foundation_one_heme|vogelstein|cosmic1	TRUE	TRUE	FALSE	TRUE
BRCA1	16	predispose|AZ300|PMCC|TS500|TEMPUS|familial_cancer|NGC_known|NGC_other|Cancermine|oncokb|msk_impact|msk_heme|foundation_one|foundation_one_heme|vogelstein|cosmic1	TRUE	FALSE	TRUE	FALSE
BRCA2	16	predispose|AZ300|PMCC|TS500|TEMPUS|familial_cancer|NGC_known|NGC_other|Cancermine|oncokb|msk_impact|msk_heme|foundation_one|foundation_one_heme|vogelstein|cosmic1	TRUE	FALSE	TRUE	FALSE
BRD3	3	AZ300|NGC_known|cosmic1	FALSE	TRUE	FALSE	TRUE
BRD4	11	AZ300|PMCC|TS500|TEMPUS|NGC_known|oncokb|msk_impact|msk_heme|foundation_one|foundation_one_heme|cosmic1	FALSE	TRUE	FALSE	TRUE
BRIP1	13	predispose|AZ300|PMCC|TS500|TEMPUS|familial_cancer|NGC_known|oncokb|msk_impact|msk_heme|foundation_one|foundation_one_heme|cosmic1	TRUE	FALSE	TRUE	FALSE
BTG1	10	PMCC|TS500|TEMPUS|NGC_known|NGC_other|oncokb|msk_heme|foundation_one|foundation_one_heme|cosmic1	FALSE	TRUE	TRUE	FALSE
BTG2	2	NGC_other|foundation_one_heme	FALSE	FALSE	FALSE	FALSE
BTK	10	PMCC|TS500|TEMPUS|NGC_known|oncokb|msk_impact|msk_heme|foundation_one|foundation_one_heme|cosmic1	FALSE	FALSE	FALSE	FALSE
BUB1B	5	predispose|TEMPUS|familial_cancer|NGC_known|cosmic1	TRUE	FALSE	TRUE	FALSE
C15orf65	2	NGC_known|cosmic2	FALSE	TRUE	FALSE	FALSE
C2orf44	1	cosmic1	FALSE	TRUE	FALSE	FALSE
CACNA1D	2	NGC_known|cosmic1	FALSE	FALSE	FALSE	TRUE
CALR	10	TS500|TEMPUS|NGC_known|NGC_other|Cancermine|oncokb|msk_impact|msk_heme|foundation_one|cosmic1	FALSE	FALSE	FALSE	TRUE
CAMTA1	4	NGC_known|Cancermine|foundation_one_heme|cosmic1	FALSE	TRUE	TRUE	FALSE
CANT1	2	NGC_known|cosmic1	FALSE	TRUE	FALSE	FALSE
CARD11	12	PMCC|TS500|TEMPUS|NGC_known|NGC_other|oncokb|msk_impact|msk_heme|foundation_one|foundation_one_heme|vogelstein|cosmic1	FALSE	FALSE	FALSE	TRUE
CARM1	2	oncokb|msk_impact	FALSE	FALSE	FALSE	FALSE
CARS	3	NGC_known|foundation_one_heme|cosmic1	FALSE	TRUE	TRUE	FALSE
CASC5	1	cosmic1	FALSE	FALSE	FALSE	FALSE
CASP3	2	NGC_known|cosmic2	FALSE	FALSE	TRUE	FALSE
CASP8	10	PMCC|TS500|TEMPUS|NGC_known|NGC_other|oncokb|msk_impact|msk_heme|vogelstein|cosmic1	FALSE	FALSE	TRUE	FALSE
CASP9	2	NGC_known|cosmic2	FALSE	FALSE	TRUE	FALSE
CASR	2	predispose|TEMPUS	TRUE	FALSE	FALSE	FALSE
CBFA2T3	3	NGC_known|foundation_one_heme|cosmic1	FALSE	TRUE	TRUE	FALSE
CBFB	12	AZ300|PMCC|TS500|TEMPUS|NGC_known|NGC_other|oncokb|msk_impact|msk_heme|foundation_one|foundation_one_heme|cosmic1	FALSE	TRUE	TRUE	FALSE
CBL	15	predispose|AZ300|PMCC|TS500|TEMPUS|NGC_known|NGC_other|Cancermine|oncokb|msk_impact|msk_heme|foundation_one|foundation_one_heme|vogelstein|cosmic1	TRUE	TRUE	FALSE	TRUE
CBLB	3	TEMPUS|NGC_known|cosmic1	FALSE	FALSE	TRUE	FALSE
CBLC	3	TEMPUS|NGC_known|cosmic1	FALSE	FALSE	FALSE	FALSE
CCDC6	3	TEMPUS|NGC_known|cosmic1	FALSE	TRUE	TRUE	FALSE
CCNB1IP1	2	NGC_known|cosmic1	FALSE	TRUE	TRUE	FALSE
CCNC	2	NGC_known|cosmic2	FALSE	FALSE	TRUE	FALSE
CCND1	13	AZ300|PMCC|TS500|TEMPUS|NGC_known|NGC_other|Cancermine|oncokb|msk_impact|msk_heme|foundation_one|foundation_one_heme|cosmic1	FALSE	TRUE	TRUE	TRUE
CCND2	11	AZ300|PMCC|TS500|TEMPUS|NGC_known|oncokb|msk_impact|msk_heme|foundation_one|foundation_one_heme|cosmic1	FALSE	TRUE	FALSE	TRUE
CCND3	12	AZ300|PMCC|TS500|TEMPUS|NGC_known|NGC_other|oncokb|msk_impact|msk_heme|foundation_one|foundation_one_heme|cosmic1	FALSE	TRUE	FALSE	TRUE
CCNE1	12	AZ300|PMCC|TS500|TEMPUS|NGC_known|NGC_other|oncokb|msk_impact|msk_heme|foundation_one|foundation_one_heme|cosmic1	FALSE	FALSE	FALSE	TRUE
CCR4	2	NGC_known|cosmic2	FALSE	FALSE	FALSE	TRUE
CCR7	2	NGC_known|cosmic2	FALSE	FALSE	FALSE	TRUE
CD19	2	PMCC|TEMPUS	FALSE	FALSE	FALSE	FALSE
CD209	2	NGC_known|cosmic2	FALSE	FALSE	FALSE	FALSE
CD22	2	TEMPUS|foundation_one_heme	FALSE	FALSE	FALSE	FALSE
CD274	11	PMCC|TS500|TEMPUS|NGC_known|Cancermine|oncokb|msk_impact|msk_heme|foundation_one|foundation_one_heme|cosmic1	FALSE	TRUE	TRUE	TRUE
CD276	3	TS500|oncokb|msk_impact	FALSE	FALSE	FALSE	FALSE
CD28	5	NGC_known|NGC_other|oncokb|msk_heme|cosmic2	FALSE	FALSE	FALSE	TRUE
CD58	4	NGC_other|oncokb|msk_heme|foundation_one_heme	FALSE	FALSE	FALSE	FALSE
CD70	3	TEMPUS|NGC_other|foundation_one_heme	FALSE	FALSE	FALSE	FALSE
CD74	3	TS500|NGC_known|cosmic1	FALSE	TRUE	FALSE	TRUE
CD79A	10	PMCC|TS500|TEMPUS|NGC_known|oncokb|msk_impact|msk_heme|foundation_one|foundation_one_heme|cosmic1	FALSE	FALSE	FALSE	TRUE
CD79B	11	PMCC|TS500|TEMPUS|NGC_known|NGC_other|oncokb|msk_impact|msk_heme|foundation_one|foundation_one_heme|cosmic1	FALSE	FALSE	FALSE	TRUE
CDC42	2	oncokb|msk_impact	FALSE	FALSE	FALSE	FALSE
CDC73	14	predispose|PMCC|TS500|TEMPUS|familial_cancer|NGC_known|Cancermine|oncokb|msk_impact|msk_heme|foundation_one|foundation_one_heme|vogelstein|cosmic1	TRUE	FALSE	TRUE	TRUE
CDH1	16	predispose|AZ300|PMCC|TS500|TEMPUS|familial_cancer|NGC_known|NGC_other|Cancermine|oncokb|msk_impact|msk_heme|foundation_one|foundation_one_heme|vogelstein|cosmic1	TRUE	FALSE	TRUE	TRUE
CDH10	4	predispose|NGC_known|NGC_other|cosmic2	TRUE	FALSE	TRUE	FALSE
CDH11	2	NGC_known|cosmic1	FALSE	TRUE	TRUE	FALSE
CDH17	3	NGC_known|Cancermine|cosmic2	FALSE	FALSE	FALSE	TRUE
CDK12	12	AZ300|PMCC|TS500|TEMPUS|NGC_known|NGC_other|oncokb|msk_impact|msk_heme|foundation_one|foundation_one_heme|cosmic1	FALSE	FALSE	TRUE	FALSE
CDK4	15	predispose|AZ300|PMCC|TS500|TEMPUS|familial_cancer|NGC_known|NGC_other|Cancermine|oncokb|msk_impact|msk_heme|foundation_one|foundation_one_heme|cosmic1	TRUE	FALSE	FALSE	TRUE
CDK6	11	AZ300|PMCC|TS500|TEMPUS|NGC_known|oncokb|msk_impact|msk_heme|foundation_one|foundation_one_heme|cosmic1	FALSE	TRUE	FALSE	TRUE
CDK8	10	AZ300|PMCC|TS500|TEMPUS|Cancermine|oncokb|msk_impact|msk_heme|foundation_one|foundation_one_heme	FALSE	FALSE	FALSE	TRUE
CDKN1A	11	AZ300|PMCC|TS500|TEMPUS|NGC_known|NGC_other|Cancermine|oncokb|msk_impact|foundation_one|cosmic2	FALSE	FALSE	TRUE	TRUE
CDKN1B	14	predispose|AZ300|PMCC|TS500|TEMPUS|NGC_known|NGC_other|Cancermine|oncokb|msk_impact|msk_heme|foundation_one|foundation_one_heme|cosmic1	TRUE	FALSE	TRUE	TRUE
CDKN1C	3	predispose|TEMPUS|familial_cancer	TRUE	FALSE	FALSE	FALSE
CDKN2A	16	predispose|AZ300|PMCC|TS500|TEMPUS|familial_cancer|NGC_known|NGC_other|Cancermine|oncokb|msk_impact|msk_heme|foundation_one|foundation_one_heme|vogelstein|cosmic1	TRUE	FALSE	TRUE	TRUE
CDKN2B	11	AZ300|PMCC|TS500|TEMPUS|NGC_other|Cancermine|oncokb|msk_impact|msk_heme|foundation_one|foundation_one_heme	FALSE	FALSE	TRUE	TRUE
CDKN2C	13	AZ300|PMCC|TS500|TEMPUS|NGC_known|NGC_other|Cancermine|oncokb|msk_impact|msk_heme|foundation_one|foundation_one_heme|cosmic1	FALSE	FALSE	TRUE	FALSE
CDX2	4	NGC_known|Cancermine|foundation_one_heme|cosmic1	FALSE	TRUE	TRUE	TRUE
CEBPA	15	predispose|AZ300|PMCC|TS500|TEMPUS|familial_cancer|NGC_known|NGC_other|oncokb|msk_impact|msk_heme|foundation_one|foundation_one_heme|vogelstein|cosmic1	TRUE	FALSE	TRUE	FALSE
CENPA	3	TS500|oncokb|msk_impact	FALSE	FALSE	FALSE	FALSE
CEP57	3	predispose|TEMPUS|familial_cancer	TRUE	FALSE	FALSE	FALSE
CEP89	2	NGC_known|cosmic2	FALSE	TRUE	FALSE	FALSE
CHCHD7	2	NGC_known|cosmic1	FALSE	TRUE	FALSE	FALSE
CHD2	8	PMCC|TS500|TEMPUS|NGC_known|NGC_other|foundation_one|foundation_one_heme|cosmic2	FALSE	FALSE	TRUE	FALSE
CHD4	7	PMCC|TS500|TEMPUS|NGC_known|NGC_other|foundation_one|cosmic1	FALSE	FALSE	FALSE	TRUE
CHEK1	9	AZ300|PMCC|TS500|TEMPUS|oncokb|msk_impact|msk_heme|foundation_one|foundation_one_heme	FALSE	FALSE	FALSE	FALSE
CHEK2	14	predispose|AZ300|PMCC|TS500|TEMPUS|familial_cancer|NGC_known|NGC_other|oncokb|msk_impact|msk_heme|foundation_one|foundation_one_heme|cosmic1	TRUE	FALSE	TRUE	FALSE
CHIC2	3	NGC_known|foundation_one_heme|cosmic2	FALSE	TRUE	FALSE	FALSE
CHST11	2	NGC_known|cosmic2	FALSE	TRUE	FALSE	TRUE
CIC	12	PMCC|TS500|TEMPUS|NGC_known|NGC_other|oncokb|msk_impact|msk_heme|foundation_one|foundation_one_heme|vogelstein|cosmic1	FALSE	TRUE	FALSE	FALSE
CIITA	7	TEMPUS|NGC_known|NGC_other|oncokb|msk_heme|foundation_one_heme|cosmic1	FALSE	TRUE	TRUE	FALSE
CKS1B	2	TEMPUS|foundation_one_heme	FALSE	FALSE	FALSE	FALSE
CLIP1	2	NGC_known|cosmic1	FALSE	TRUE	FALSE	FALSE
CLP1	3	NGC_known|foundation_one_heme|cosmic2	FALSE	TRUE	FALSE	FALSE
CLTC	3	NGC_known|foundation_one_heme|cosmic1	FALSE	TRUE	TRUE	FALSE
CLTCL1	3	NGC_known|foundation_one_heme|cosmic1	FALSE	TRUE	TRUE	FALSE
CNBD1	2	NGC_known|cosmic2	FALSE	FALSE	FALSE	FALSE
CNBP	2	NGC_known|cosmic1	FALSE	TRUE	TRUE	FALSE
CNOT3	3	NGC_known|NGC_other|cosmic1	FALSE	FALSE	TRUE	FALSE
CNTNAP2	3	NGC_known|NGC_other|cosmic2	FALSE	FALSE	TRUE	FALSE
CNTRL	3	NGC_known|foundation_one_heme|cosmic1	FALSE	TRUE	FALSE	FALSE
COL1A1	3	NGC_known|foundation_one_heme|cosmic1	FALSE	TRUE	FALSE	FALSE
COL2A1	2	NGC_known|cosmic1	FALSE	TRUE	FALSE	FALSE
COL3A1	2	NGC_known|cosmic2	FALSE	TRUE	FALSE	FALSE
COL7A1	1	predispose	TRUE	FALSE	FALSE	FALSE
COX6C	2	NGC_known|cosmic2	FALSE	TRUE	FALSE	FALSE
CPEB3	2	NGC_known|cosmic2	FALSE	FALSE	TRUE	FALSE
CRBN	2	oncokb|msk_heme	FALSE	FALSE	FALSE	FALSE
CREB1	2	NGC_known|cosmic1	FALSE	TRUE	FALSE	TRUE
CREB3L1	3	NGC_known|foundation_one_heme|cosmic1	FALSE	TRUE	TRUE	FALSE
CREB3L2	3	NGC_known|foundation_one_heme|cosmic1	FALSE	TRUE	FALSE	TRUE
CREBBP	12	PMCC|TS500|TEMPUS|NGC_known|NGC_other|oncokb|msk_impact|msk_heme|foundation_one|foundation_one_heme|vogelstein|cosmic1	FALSE	TRUE	FALSE	FALSE
CRKL	10	AZ300|PMCC|TS500|TEMPUS|Cancermine|oncokb|msk_impact|msk_heme|foundation_one|foundation_one_heme	FALSE	FALSE	FALSE	TRUE
CRLF2	11	PMCC|TS500|TEMPUS|NGC_known|oncokb|msk_impact|msk_heme|foundation_one|foundation_one_heme|vogelstein|cosmic1	FALSE	TRUE	FALSE	TRUE
CRNKL1	2	NGC_known|cosmic2	FALSE	FALSE	FALSE	FALSE
CRTC1	2	NGC_known|cosmic1	FALSE	TRUE	FALSE	TRUE
CRTC3	2	NGC_known|cosmic1	FALSE	TRUE	FALSE	FALSE
CSDE1	3	NGC_other|oncokb|msk_impact	FALSE	FALSE	FALSE	FALSE
CSF1R	12	PMCC|TS500|TEMPUS|NGC_known|Cancermine|oncokb|msk_impact|msk_heme|foundation_one|foundation_one_heme|vogelstein|cosmic2	FALSE	FALSE	FALSE	TRUE
CSF3R	8	TS500|TEMPUS|NGC_known|oncokb|msk_impact|msk_heme|foundation_one_heme|cosmic1	FALSE	FALSE	FALSE	TRUE
CSMD3	3	NGC_known|NGC_other|cosmic2	FALSE	FALSE	TRUE	FALSE
CTCF	13	AZ300|PMCC|TS500|TEMPUS|NGC_known|NGC_other|Cancermine|oncokb|msk_impact|msk_heme|foundation_one|foundation_one_heme|cosmic1	FALSE	FALSE	TRUE	TRUE
CTLA4	4	TS500|TEMPUS|oncokb|msk_impact	FALSE	FALSE	FALSE	FALSE
CTNNA1	7	predispose|PMCC|TS500|TEMPUS|familial_cancer|foundation_one|foundation_one_heme	TRUE	FALSE	FALSE	FALSE
CTNNA2	2	NGC_known|cosmic2	FALSE	FALSE	FALSE	TRUE
CTNNB1	16	predispose|AZ300|PMCC|TS500|TEMPUS|familial_cancer|NGC_known|NGC_other|Cancermine|oncokb|msk_impact|msk_heme|foundation_one|foundation_one_heme|vogelstein|cosmic1	TRUE	TRUE	FALSE	TRUE
CTNND1	2	NGC_known|cosmic2	FALSE	FALSE	FALSE	FALSE
CTNND2	2	NGC_known|cosmic2	FALSE	FALSE	FALSE	TRUE
CTR9	1	predispose	TRUE	FALSE	FALSE	FALSE
CTRC	2	predispose|TEMPUS	TRUE	FALSE	FALSE	FALSE
CUL3	8	PMCC|TS500|NGC_known|NGC_other|oncokb|msk_impact|foundation_one|cosmic2	FALSE	FALSE	TRUE	FALSE
CUX1	8	TS500|TEMPUS|NGC_known|NGC_other|oncokb|msk_heme|foundation_one_heme|cosmic1	FALSE	FALSE	FALSE	FALSE
CXCR4	9	predispose|TS500|TEMPUS|NGC_known|oncokb|msk_impact|msk_heme|foundation_one_heme|cosmic1	TRUE	FALSE	FALSE	TRUE
CYLD	13	predispose|PMCC|TS500|TEMPUS|familial_cancer|NGC_known|NGC_other|oncokb|msk_impact|msk_heme|foundation_one|vogelstein|cosmic1	TRUE	FALSE	TRUE	FALSE
CYP2C8	2	NGC_known|cosmic2	FALSE	FALSE	FALSE	FALSE
CYP2D6	3	AZ300|PMCC|TEMPUS	FALSE	FALSE	FALSE	FALSE
CYSLTR2	4	NGC_known|oncokb|msk_impact|cosmic2	FALSE	FALSE	FALSE	TRUE
DAXX	12	PMCC|TS500|TEMPUS|NGC_known|NGC_other|oncokb|msk_impact|msk_heme|foundation_one|foundation_one_heme|vogelstein|cosmic1	FALSE	FALSE	FALSE	FALSE
DCAF12L2	2	NGC_known|cosmic2	FALSE	FALSE	FALSE	FALSE
DCC	3	NGC_known|Cancermine|cosmic2	FALSE	FALSE	TRUE	FALSE
DCTN1	2	NGC_known|cosmic1	FALSE	TRUE	FALSE	FALSE
DCUN1D1	4	AZ300|TS500|oncokb|msk_impact	FALSE	FALSE	FALSE	FALSE
DDB2	5	predispose|TEMPUS|familial_cancer|NGC_known|cosmic1	TRUE	FALSE	FALSE	FALSE
DDIT3	4	NGC_known|Cancermine|foundation_one_heme|cosmic1	FALSE	TRUE	FALSE	TRUE
DDR2	11	AZ300|PMCC|TS500|TEMPUS|NGC_known|oncokb|msk_impact|msk_heme|foundation_one|foundation_one_heme|cosmic1	FALSE	FALSE	FALSE	TRUE
DDX10	3	NGC_known|foundation_one_heme|cosmic1	FALSE	TRUE	TRUE	FALSE
DDX3X	9	PMCC|TEMPUS|NGC_known|NGC_other|Cancermine|oncokb|msk_heme|foundation_one_heme|cosmic1	FALSE	FALSE	TRUE	TRUE
DDX5	2	NGC_known|cosmic1	FALSE	TRUE	FALSE	TRUE
DDX6	3	NGC_known|foundation_one_heme|cosmic1	FALSE	TRUE	FALSE	TRUE
DEK	4	NGC_known|Cancermine|foundation_one_heme|cosmic1	FALSE	TRUE	FALSE	TRUE
DGCR8	2	NGC_known|cosmic2	FALSE	FALSE	FALSE	TRUE
DICER1	11	predispose|PMCC|TS500|TEMPUS|familial_cancer|NGC_known|NGC_other|oncokb|msk_impact|foundation_one|cosmic1	TRUE	FALSE	TRUE	FALSE
DIRAS3	3	predispose|familial_cancer|Cancermine	TRUE	FALSE	TRUE	FALSE
DIS3	6	TS500|TEMPUS|NGC_other|oncokb|msk_impact|msk_heme	FALSE	FALSE	FALSE	FALSE
DIS3L2	3	predispose|TEMPUS|familial_cancer	TRUE	FALSE	FALSE	FALSE
DKC1	2	predispose|TEMPUS	TRUE	FALSE	FALSE	FALSE
DNAJB1	5	TS500|NGC_known|oncokb|msk_impact|cosmic1	FALSE	TRUE	FALSE	FALSE
DNM2	5	TEMPUS|NGC_known|NGC_other|foundation_one_heme|cosmic1	FALSE	FALSE	TRUE	FALSE
DNMT1	5	TS500|NGC_known|oncokb|msk_impact|vogelstein	FALSE	FALSE	FALSE	TRUE
DNMT3A	14	AZ300|PMCC|TS500|TEMPUS|NGC_known|NGC_other|Cancermine|oncokb|msk_impact|msk_heme|foundation_one|foundation_one_heme|vogelstein|cosmic1	FALSE	FALSE	TRUE	FALSE
DNMT3B	3	TS500|oncokb|msk_impact	FALSE	FALSE	FALSE	FALSE
DOCK8	1	predispose	TRUE	FALSE	FALSE	FALSE
DOT1L	8	PMCC|TS500|TEMPUS|oncokb|msk_impact|msk_heme|foundation_one|foundation_one_heme	FALSE	FALSE	FALSE	FALSE
DPYD	2	PMCC|TEMPUS	FALSE	FALSE	FALSE	FALSE
DROSHA	5	predispose|NGC_known|oncokb|msk_impact|cosmic1	TRUE	FALSE	TRUE	FALSE
DTX1	3	oncokb|msk_heme|foundation_one_heme	FALSE	FALSE	FALSE	FALSE
DTX3L	1	predispose	TRUE	FALSE	FALSE	FALSE
DUSP22	3	oncokb|msk_heme|foundation_one_heme	FALSE	FALSE	FALSE	FALSE
DUSP4	2	oncokb|msk_impact	FALSE	FALSE	FALSE	FALSE
E2F3	3	TS500|oncokb|msk_impact	FALSE	FALSE	FALSE	FALSE
EBF1	4	TEMPUS|NGC_known|foundation_one_heme|cosmic1	FALSE	TRUE	TRUE	FALSE
ECT2L	4	TEMPUS|NGC_known|foundation_one_heme|cosmic2	FALSE	FALSE	FALSE	FALSE
EED	8	TS500|NGC_known|NGC_other|oncokb|msk_impact|msk_heme|foundation_one_heme|cosmic2	FALSE	FALSE	TRUE	FALSE
EGF	2	TEMPUS|Cancermine	FALSE	FALSE	FALSE	TRUE
EGFL7	3	TS500|oncokb|msk_impact	FALSE	FALSE	FALSE	FALSE
EGFR	16	predispose|AZ300|PMCC|TS500|TEMPUS|familial_cancer|NGC_known|NGC_other|Cancermine|oncokb|msk_impact|msk_heme|foundation_one|foundation_one_heme|vogelstein|cosmic1	TRUE	FALSE	FALSE	TRUE
EGR1	3	Cancermine|oncokb|msk_heme	FALSE	FALSE	TRUE	TRUE
EIF1AX	7	PMCC|TS500|NGC_known|NGC_other|oncokb|msk_impact|cosmic2	FALSE	FALSE	FALSE	FALSE
EIF3E	2	NGC_known|cosmic1	FALSE	TRUE	TRUE	FALSE
EIF4A2	7	AZ300|TS500|NGC_known|oncokb|msk_impact|foundation_one_heme|cosmic1	FALSE	TRUE	FALSE	FALSE
EIF4E	3	TS500|oncokb|msk_impact	FALSE	FALSE	FALSE	FALSE
ELANE	1	predispose	TRUE	FALSE	FALSE	FALSE
ELF3	7	AZ300|TEMPUS|NGC_known|NGC_other|oncokb|msk_impact|cosmic2	FALSE	FALSE	TRUE	FALSE
ELF4	3	NGC_known|foundation_one_heme|cosmic1	FALSE	TRUE	FALSE	FALSE
ELK4	2	NGC_known|cosmic1	FALSE	TRUE	FALSE	TRUE
ELL	3	NGC_known|foundation_one_heme|cosmic1	FALSE	TRUE	TRUE	FALSE
ELN	3	NGC_known|foundation_one_heme|cosmic2	FALSE	TRUE	FALSE	FALSE
ELOC	2	TS500|NGC_other	FALSE	FALSE	FALSE	FALSE
EML4	4	TS500|NGC_known|foundation_one_heme|cosmic1	FALSE	TRUE	FALSE	FALSE
EMSY	4	PMCC|TS500|TEMPUS|foundation_one	FALSE	FALSE	FALSE	FALSE
ENG	2	predispose|TEMPUS	TRUE	FALSE	FALSE	FALSE
EP300	13	AZ300|PMCC|TS500|TEMPUS|NGC_known|NGC_other|oncokb|msk_impact|msk_heme|foundation_one|foundation_one_heme|vogelstein|cosmic1	FALSE	TRUE	TRUE	FALSE
EP400	2	oncokb|msk_heme	FALSE	FALSE	FALSE	FALSE
EPAS1	4	NGC_known|oncokb|msk_impact|cosmic1	FALSE	FALSE	FALSE	FALSE
EPCAM	6	predispose|TS500|TEMPUS|familial_cancer|oncokb|msk_impact	TRUE	FALSE	FALSE	FALSE
EPHA2	2	TEMPUS|Cancermine	FALSE	FALSE	FALSE	TRUE
EPHA3	11	AZ300|PMCC|TS500|NGC_known|NGC_other|oncokb|msk_impact|msk_heme|foundation_one|foundation_one_heme|cosmic2	FALSE	FALSE	FALSE	FALSE
EPHA5	8	PMCC|TS500|NGC_other|oncokb|msk_impact|msk_heme|foundation_one|foundation_one_heme	FALSE	FALSE	FALSE	FALSE
EPHA7	11	PMCC|TS500|TEMPUS|NGC_known|NGC_other|oncokb|msk_impact|msk_heme|foundation_one|foundation_one_heme|cosmic2	FALSE	FALSE	FALSE	FALSE
EPHB1	8	PMCC|TS500|TEMPUS|oncokb|msk_impact|msk_heme|foundation_one|foundation_one_heme	FALSE	FALSE	FALSE	FALSE
EPHB2	2	TEMPUS|Cancermine	FALSE	FALSE	TRUE	FALSE
EPOR	2	TEMPUS|foundation_one_heme	FALSE	FALSE	FALSE	FALSE
EPS15	3	NGC_known|foundation_one_heme|cosmic1	FALSE	TRUE	TRUE	FALSE
ERBB2	14	AZ300|PMCC|TS500|TEMPUS|NGC_known|NGC_other|Cancermine|oncokb|msk_impact|msk_heme|foundation_one|foundation_one_heme|vogelstein|cosmic1	FALSE	TRUE	TRUE	TRUE
ERBB3	13	AZ300|PMCC|TS500|TEMPUS|NGC_known|NGC_other|Cancermine|oncokb|msk_impact|msk_heme|foundation_one|foundation_one_heme|cosmic1	FALSE	FALSE	FALSE	TRUE
ERBB4	14	predispose|AZ300|PMCC|TS500|TEMPUS|NGC_known|NGC_other|Cancermine|oncokb|msk_impact|msk_heme|foundation_one|foundation_one_heme|cosmic1	TRUE	FALSE	TRUE	TRUE
ERC1	2	NGC_known|cosmic1	FALSE	TRUE	FALSE	FALSE
ERCC1	5	predispose|AZ300|PMCC|TS500|TEMPUS	TRUE	FALSE	FALSE	FALSE
ERCC2	11	predispose|AZ300|PMCC|TS500|TEMPUS|familial_cancer|NGC_known|NGC_other|oncokb|msk_impact|cosmic1	TRUE	FALSE	TRUE	FALSE
ERCC3	8	predispose|TS500|TEMPUS|familial_cancer|NGC_known|oncokb|msk_impact|cosmic1	TRUE	FALSE	TRUE	FALSE
ERCC4	8	predispose|TS500|TEMPUS|familial_cancer|NGC_known|oncokb|msk_impact|cosmic1	TRUE	FALSE	TRUE	FALSE
ERCC5	7	predispose|TS500|TEMPUS|familial_cancer|oncokb|msk_impact|cosmic1	TRUE	FALSE	TRUE	FALSE
ERF	2	oncokb|msk_impact	FALSE	FALSE	FALSE	FALSE
ERG	12	PMCC|TS500|TEMPUS|NGC_known|NGC_other|Cancermine|oncokb|msk_impact|msk_heme|foundation_one|foundation_one_heme|cosmic1	FALSE	TRUE	FALSE	TRUE
ERRFI1	7	AZ300|PMCC|TS500|TEMPUS|oncokb|msk_impact|foundation_one	FALSE	FALSE	FALSE	FALSE
ESCO2	2	oncokb|msk_heme	FALSE	FALSE	FALSE	FALSE
ESR1	13	AZ300|PMCC|TS500|TEMPUS|NGC_known|NGC_other|Cancermine|oncokb|msk_impact|msk_heme|foundation_one|foundation_one_heme|cosmic1	FALSE	TRUE	TRUE	FALSE
ETNK1	4	NGC_known|oncokb|msk_heme|cosmic1	FALSE	FALSE	TRUE	FALSE
ETS1	4	TS500|TEMPUS|Cancermine|foundation_one_heme	FALSE	FALSE	FALSE	TRUE
ETV1	8	TS500|TEMPUS|NGC_known|oncokb|msk_impact|foundation_one|foundation_one_heme|cosmic1	FALSE	TRUE	FALSE	TRUE
ETV4	7	TS500|TEMPUS|NGC_known|oncokb|foundation_one|foundation_one_heme|cosmic1	FALSE	TRUE	FALSE	TRUE
ETV5	6	TS500|TEMPUS|NGC_known|foundation_one|foundation_one_heme|cosmic1	FALSE	TRUE	FALSE	TRUE
ETV6	12	predispose|TS500|TEMPUS|NGC_known|NGC_other|Cancermine|oncokb|msk_impact|msk_heme|foundation_one|foundation_one_heme|cosmic1	TRUE	TRUE	TRUE	TRUE
EWSR1	8	PMCC|TS500|TEMPUS|NGC_known|Cancermine|oncokb|foundation_one_heme|cosmic1	FALSE	TRUE	FALSE	TRUE
EXT1	4	predispose|familial_cancer|NGC_known|cosmic1	TRUE	TRUE	TRUE	FALSE
EXT2	4	predispose|familial_cancer|NGC_known|cosmic1	TRUE	FALSE	TRUE	FALSE
EZH1	2	oncokb|msk_impact	FALSE	FALSE	FALSE	FALSE
EZH2	16	predispose|AZ300|PMCC|TS500|TEMPUS|familial_cancer|NGC_known|NGC_other|Cancermine|oncokb|msk_impact|msk_heme|foundation_one|foundation_one_heme|vogelstein|cosmic1	TRUE	FALSE	FALSE	TRUE
EZR	2	NGC_known|cosmic1	FALSE	TRUE	FALSE	FALSE
FAH	1	predispose	TRUE	FALSE	FALSE	FALSE
FAM131B	2	NGC_known|cosmic2	FALSE	TRUE	FALSE	FALSE
FAM135B	2	NGC_known|cosmic2	FALSE	FALSE	FALSE	FALSE
FAM175A	3	AZ300|oncokb|msk_impact	FALSE	FALSE	FALSE	FALSE
FAM46C	7	NGC_known|oncokb|msk_impact|msk_heme|foundation_one|foundation_one_heme|cosmic1	FALSE	FALSE	TRUE	FALSE
FAM47C	2	NGC_known|cosmic2	FALSE	FALSE	FALSE	FALSE
FAM58A	2	oncokb|msk_impact	FALSE	FALSE	FALSE	FALSE
FANCA	13	predispose|PMCC|TS500|TEMPUS|familial_cancer|NGC_known|NGC_other|oncokb|msk_impact|msk_heme|foundation_one|foundation_one_heme|cosmic1	TRUE	FALSE	TRUE	FALSE
FANCB	3	predispose|TEMPUS|familial_cancer	TRUE	FALSE	FALSE	FALSE
FANCC	12	predispose|PMCC|TS500|TEMPUS|familial_cancer|NGC_known|oncokb|msk_impact|msk_heme|foundation_one|foundation_one_heme|cosmic1	TRUE	FALSE	TRUE	FALSE
FANCD2	11	predispose|PMCC|TS500|TEMPUS|familial_cancer|NGC_known|oncokb|msk_heme|foundation_one|foundation_one_heme|cosmic1	TRUE	FALSE	TRUE	FALSE
FANCE	9	predispose|PMCC|TS500|TEMPUS|familial_cancer|NGC_known|foundation_one|foundation_one_heme|cosmic1	TRUE	FALSE	TRUE	FALSE
FANCF	9	predispose|PMCC|TS500|TEMPUS|familial_cancer|NGC_known|foundation_one|foundation_one_heme|cosmic1	TRUE	FALSE	TRUE	FALSE
FANCG	9	predispose|PMCC|TS500|TEMPUS|familial_cancer|NGC_known|foundation_one|foundation_one_heme|cosmic1	TRUE	FALSE	TRUE	FALSE
FANCI	4	predispose|TS500|TEMPUS|familial_cancer	TRUE	FALSE	FALSE	FALSE
FANCL	7	predispose|PMCC|TS500|TEMPUS|familial_cancer|foundation_one|foundation_one_heme	TRUE	FALSE	FALSE	FALSE
FANCM	3	predispose|TEMPUS|familial_cancer	TRUE	FALSE	FALSE	FALSE
FAS	10	PMCC|TS500|TEMPUS|NGC_known|NGC_other|oncokb|msk_heme|foundation_one|foundation_one_heme|cosmic1	FALSE	FALSE	TRUE	FALSE
FAT1	11	predispose|PMCC|TS500|TEMPUS|NGC_known|NGC_other|oncokb|msk_impact|msk_heme|foundation_one|cosmic1	TRUE	FALSE	TRUE	FALSE
FAT3	3	NGC_known|NGC_other|cosmic2	FALSE	FALSE	FALSE	FALSE
FAT4	3	NGC_known|NGC_other|cosmic1	FALSE	FALSE	TRUE	FALSE
FBLN2	2	NGC_known|cosmic2	FALSE	FALSE	TRUE	FALSE
FBXO11	7	TEMPUS|NGC_known|NGC_other|oncokb|msk_heme|foundation_one_heme|cosmic1	FALSE	FALSE	TRUE	FALSE
FBXW7	14	AZ300|PMCC|TS500|TEMPUS|NGC_known|NGC_other|Cancermine|oncokb|msk_impact|msk_heme|foundation_one|foundation_one_heme|vogelstein|cosmic1	FALSE	FALSE	TRUE	FALSE
FCGR2B	3	NGC_known|foundation_one_heme|cosmic1	FALSE	TRUE	FALSE	TRUE
FCRL4	3	NGC_known|foundation_one_heme|cosmic1	FALSE	TRUE	FALSE	TRUE
FEN1	3	predispose|NGC_known|cosmic2	TRUE	FALSE	TRUE	FALSE
FES	2	NGC_known|cosmic1	FALSE	FALSE	FALSE	FALSE
FEV	3	NGC_known|foundation_one_heme|cosmic1	FALSE	TRUE	FALSE	TRUE
FGF1	3	AZ300|TS500|TEMPUS	FALSE	FALSE	FALSE	FALSE
FGF10	6	AZ300|PMCC|TS500|TEMPUS|foundation_one|foundation_one_heme	FALSE	FALSE	FALSE	FALSE
FGF14	6	AZ300|PMCC|TS500|TEMPUS|foundation_one|foundation_one_heme	FALSE	FALSE	FALSE	FALSE
FGF19	9	AZ300|PMCC|TS500|Cancermine|oncokb|msk_impact|msk_heme|foundation_one|foundation_one_heme	FALSE	FALSE	FALSE	TRUE
FGF2	3	AZ300|TS500|TEMPUS	FALSE	FALSE	FALSE	FALSE
FGF23	6	AZ300|PMCC|TS500|TEMPUS|foundation_one|foundation_one_heme	FALSE	FALSE	FALSE	FALSE
FGF3	9	AZ300|PMCC|TS500|TEMPUS|oncokb|msk_impact|msk_heme|foundation_one|foundation_one_heme	FALSE	FALSE	FALSE	FALSE
FGF4	9	AZ300|PMCC|TS500|TEMPUS|oncokb|msk_impact|msk_heme|foundation_one|foundation_one_heme	FALSE	FALSE	FALSE	FALSE
FGF5	3	AZ300|TS500|TEMPUS	FALSE	FALSE	FALSE	FALSE
FGF6	6	AZ300|PMCC|TS500|TEMPUS|foundation_one|foundation_one_heme	FALSE	FALSE	FALSE	FALSE
FGF7	3	AZ300|TS500|TEMPUS	FALSE	FALSE	FALSE	FALSE
FGF8	3	AZ300|TS500|TEMPUS	FALSE	FALSE	FALSE	FALSE
FGF9	3	AZ300|TS500|TEMPUS	FALSE	FALSE	FALSE	FALSE
FGFR1	13	AZ300|PMCC|TS500|TEMPUS|NGC_known|NGC_other|Cancermine|oncokb|msk_impact|msk_heme|foundation_one|foundation_one_heme|cosmic1	FALSE	TRUE	FALSE	TRUE
FGFR1OP	3	NGC_known|foundation_one_heme|cosmic1	FALSE	TRUE	FALSE	FALSE
FGFR2	14	AZ300|PMCC|TS500|TEMPUS|NGC_known|NGC_other|Cancermine|oncokb|msk_impact|msk_heme|foundation_one|foundation_one_heme|vogelstein|cosmic1	FALSE	TRUE	FALSE	TRUE
FGFR3	14	AZ300|PMCC|TS500|TEMPUS|NGC_known|NGC_other|Cancermine|oncokb|msk_impact|msk_heme|foundation_one|foundation_one_heme|vogelstein|cosmic1	FALSE	TRUE	FALSE	TRUE
FGFR4	11	AZ300|PMCC|TS500|TEMPUS|NGC_known|oncokb|msk_impact|msk_heme|foundation_one|foundation_one_heme|cosmic1	FALSE	FALSE	FALSE	TRUE
FH	10	predispose|PMCC|TS500|TEMPUS|familial_cancer|NGC_known|oncokb|msk_impact|foundation_one|cosmic1	TRUE	FALSE	TRUE	FALSE
FHIT	5	TEMPUS|NGC_known|Cancermine|foundation_one_heme|cosmic1	FALSE	TRUE	TRUE	TRUE
FIP1L1	2	NGC_known|cosmic1	FALSE	TRUE	FALSE	FALSE
FKBP9	2	NGC_known|cosmic2	FALSE	FALSE	FALSE	FALSE
FLCN	13	predispose|PMCC|TS500|TEMPUS|familial_cancer|NGC_known|Cancermine|oncokb|msk_impact|msk_heme|foundation_one|foundation_one_heme|cosmic1	TRUE	FALSE	TRUE	FALSE
FLG	2	TEMPUS|NGC_other	FALSE	FALSE	FALSE	FALSE
FLI1	4	TS500|NGC_known|foundation_one_heme|cosmic1	FALSE	TRUE	FALSE	TRUE
FLNA	2	NGC_known|cosmic2	FALSE	FALSE	FALSE	FALSE
FLT1	8	PMCC|TS500|TEMPUS|oncokb|msk_impact|msk_heme|foundation_one|foundation_one_heme	FALSE	FALSE	FALSE	FALSE
FLT3	14	AZ300|PMCC|TS500|TEMPUS|NGC_known|NGC_other|Cancermine|oncokb|msk_impact|msk_heme|foundation_one|foundation_one_heme|vogelstein|cosmic1	FALSE	FALSE	FALSE	TRUE
FLT4	10	PMCC|TS500|TEMPUS|NGC_known|oncokb|msk_impact|msk_heme|foundation_one|foundation_one_heme|cosmic1	FALSE	FALSE	FALSE	TRUE
FNBP1	3	NGC_known|foundation_one_heme|cosmic2	FALSE	TRUE	FALSE	FALSE
FOXA1	8	AZ300|TS500|TEMPUS|NGC_known|NGC_other|oncokb|msk_impact|cosmic1	FALSE	FALSE	FALSE	TRUE
FOXA2	2	AZ300|NGC_other	FALSE	FALSE	FALSE	FALSE
FOXL2	12	AZ300|PMCC|TS500|TEMPUS|NGC_known|oncokb|msk_impact|msk_heme|foundation_one|foundation_one_heme|vogelstein|cosmic1	FALSE	FALSE	FALSE	FALSE
FOXM1	2	PMCC|Cancermine	FALSE	FALSE	FALSE	TRUE
FOXO1	10	PMCC|TS500|TEMPUS|NGC_known|Cancermine|oncokb|msk_impact|msk_heme|foundation_one_heme|cosmic1	FALSE	TRUE	TRUE	TRUE
FOXO3	5	TEMPUS|NGC_known|Cancermine|foundation_one_heme|cosmic1	FALSE	TRUE	TRUE	FALSE
FOXO4	3	NGC_known|foundation_one_heme|cosmic1	FALSE	TRUE	FALSE	FALSE
FOXP1	11	PMCC|TS500|TEMPUS|NGC_known|Cancermine|oncokb|msk_impact|msk_heme|foundation_one|foundation_one_heme|cosmic1	FALSE	TRUE	TRUE	TRUE
FOXQ1	2	TEMPUS|NGC_other	FALSE	FALSE	FALSE	FALSE
FOXR1	2	NGC_known|cosmic2	FALSE	TRUE	FALSE	TRUE
FRS2	6	AZ300|PMCC|TS500|TEMPUS|foundation_one|foundation_one_heme	FALSE	FALSE	FALSE	FALSE
FSTL3	3	NGC_known|foundation_one_heme|cosmic1	FALSE	TRUE	FALSE	TRUE
FUBP1	10	PMCC|TS500|TEMPUS|NGC_known|NGC_other|oncokb|msk_impact|foundation_one|vogelstein|cosmic1	FALSE	FALSE	FALSE	TRUE
FURIN	2	oncokb|msk_heme	FALSE	FALSE	FALSE	FALSE
FUS	4	NGC_known|Cancermine|foundation_one_heme|cosmic1	FALSE	TRUE	TRUE	TRUE
FYN	4	TS500|oncokb|msk_impact|msk_heme	FALSE	FALSE	FALSE	FALSE
GABRA6	4	PMCC|TS500|NGC_other|foundation_one	FALSE	FALSE	FALSE	FALSE
GALNT12	2	predispose|TEMPUS	TRUE	FALSE	FALSE	FALSE
GAS7	3	NGC_known|foundation_one_heme|cosmic1	FALSE	TRUE	FALSE	FALSE
GATA1	11	PMCC|TS500|TEMPUS|NGC_known|oncokb|msk_impact|msk_heme|foundation_one|foundation_one_heme|vogelstein|cosmic1	FALSE	FALSE	FALSE	FALSE
GATA2	14	predispose|PMCC|TS500|TEMPUS|familial_cancer|NGC_known|NGC_other|oncokb|msk_impact|msk_heme|foundation_one|foundation_one_heme|vogelstein|cosmic1	TRUE	FALSE	FALSE	TRUE
GATA3	14	AZ300|PMCC|TS500|TEMPUS|NGC_known|NGC_other|Cancermine|oncokb|msk_impact|msk_heme|foundation_one|foundation_one_heme|vogelstein|cosmic1	FALSE	FALSE	TRUE	FALSE
GATA4	4	PMCC|TS500|TEMPUS|foundation_one	FALSE	FALSE	FALSE	FALSE
GATA6	4	PMCC|TS500|TEMPUS|foundation_one	FALSE	FALSE	FALSE	FALSE
GBA	1	predispose	TRUE	FALSE	FALSE	FALSE
GEN1	2	TS500|TEMPUS	FALSE	FALSE	FALSE	FALSE
GID4	4	PMCC|TS500|foundation_one|foundation_one_heme	FALSE	FALSE	FALSE	FALSE
GJB2	1	predispose	TRUE	FALSE	FALSE	FALSE
GLI1	10	PMCC|TS500|TEMPUS|NGC_known|Cancermine|oncokb|msk_impact|foundation_one|foundation_one_heme|cosmic2	FALSE	TRUE	FALSE	TRUE
GMPS	3	NGC_known|foundation_one_heme|cosmic2	FALSE	TRUE	FALSE	FALSE
GNA11	13	AZ300|PMCC|TS500|TEMPUS|NGC_known|NGC_other|oncokb|msk_impact|msk_heme|foundation_one|foundation_one_heme|vogelstein|cosmic1	FALSE	FALSE	FALSE	TRUE
GNA12	3	oncokb|msk_heme|foundation_one_heme	FALSE	FALSE	FALSE	FALSE
GNA13	9	AZ300|PMCC|TS500|TEMPUS|NGC_other|oncokb|msk_heme|foundation_one|foundation_one_heme	FALSE	FALSE	FALSE	FALSE
GNAQ	14	AZ300|PMCC|TS500|TEMPUS|NGC_known|NGC_other|Cancermine|oncokb|msk_impact|msk_heme|foundation_one|foundation_one_heme|vogelstein|cosmic1	FALSE	FALSE	FALSE	TRUE
GNAS	14	AZ300|PMCC|TS500|TEMPUS|NGC_known|NGC_other|Cancermine|oncokb|msk_impact|msk_heme|foundation_one|foundation_one_heme|vogelstein|cosmic1	FALSE	FALSE	FALSE	TRUE
GNB1	3	NGC_other|oncokb|msk_heme	FALSE	FALSE	FALSE	FALSE
GOLGA5	2	NGC_known|cosmic1	FALSE	TRUE	FALSE	FALSE
GOPC	2	NGC_known|cosmic1	FALSE	TRUE	FALSE	FALSE
GPC3	5	predispose|TEMPUS|familial_cancer|NGC_known|cosmic1	TRUE	FALSE	FALSE	FALSE
GPC5	2	NGC_known|cosmic2	FALSE	FALSE	TRUE	FALSE
GPHN	3	NGC_known|foundation_one_heme|cosmic1	FALSE	TRUE	FALSE	FALSE
GPS2	5	TS500|TEMPUS|NGC_other|oncokb|msk_impact	FALSE	FALSE	FALSE	FALSE
GREM1	6	predispose|TS500|TEMPUS|familial_cancer|oncokb|msk_impact	TRUE	FALSE	FALSE	FALSE
GRIN2A	10	PMCC|TS500|TEMPUS|NGC_known|oncokb|msk_impact|msk_heme|foundation_one|foundation_one_heme|cosmic1	FALSE	FALSE	TRUE	FALSE
GRM3	6	PMCC|TS500|TEMPUS|NGC_known|foundation_one|cosmic2	FALSE	FALSE	FALSE	TRUE
GSK3B	7	PMCC|TS500|oncokb|msk_impact|msk_heme|foundation_one|foundation_one_heme	FALSE	FALSE	FALSE	FALSE
GSTP1	3	PMCC|TEMPUS|Cancermine	FALSE	FALSE	TRUE	FALSE
GTF2I	3	NGC_other|oncokb|msk_heme	FALSE	FALSE	FALSE	FALSE
H3F3A	10	PMCC|TS500|TEMPUS|NGC_known|NGC_other|oncokb|msk_impact|foundation_one|vogelstein|cosmic1	FALSE	FALSE	FALSE	TRUE
H3F3B	5	TS500|NGC_known|oncokb|msk_impact|cosmic1	FALSE	FALSE	FALSE	TRUE
H3F3C	5	AZ300|TS500|NGC_other|oncokb|msk_impact	FALSE	FALSE	FALSE	FALSE
HABP2	1	predispose	TRUE	FALSE	FALSE	FALSE
HDAC1	4	TEMPUS|oncokb|msk_heme|foundation_one_heme	FALSE	FALSE	FALSE	FALSE
HDAC4	4	TEMPUS|oncokb|msk_heme|foundation_one_heme	FALSE	FALSE	FALSE	FALSE
HDAC7	3	oncokb|msk_heme|foundation_one_heme	FALSE	FALSE	FALSE	FALSE
HERPUD1	3	NGC_known|foundation_one_heme|cosmic1	FALSE	TRUE	FALSE	FALSE
HEY1	3	NGC_known|foundation_one_heme|cosmic1	FALSE	TRUE	FALSE	TRUE
HFE	1	predispose	TRUE	FALSE	FALSE	FALSE
HGF	10	AZ300|PMCC|TS500|TEMPUS|Cancermine|oncokb|msk_impact|msk_heme|foundation_one|foundation_one_heme	FALSE	FALSE	FALSE	TRUE
HIF1A	6	PMCC|TEMPUS|NGC_known|oncokb|msk_heme|cosmic1	FALSE	FALSE	FALSE	TRUE
HIP1	3	NGC_known|foundation_one_heme|cosmic1	FALSE	TRUE	FALSE	TRUE
HIST1H1B	3	NGC_other|oncokb|msk_heme	FALSE	FALSE	FALSE	FALSE
HIST1H1C	7	AZ300|TS500|NGC_other|oncokb|msk_impact|msk_heme|foundation_one_heme	FALSE	FALSE	FALSE	FALSE
HIST1H1D	3	oncokb|msk_heme|foundation_one_heme	FALSE	FALSE	FALSE	FALSE
HIST1H1E	5	TEMPUS|NGC_other|oncokb|msk_heme|foundation_one_heme	FALSE	FALSE	FALSE	FALSE
HIST1H2AC	3	oncokb|msk_heme|foundation_one_heme	FALSE	FALSE	FALSE	FALSE
HIST1H2AG	3	oncokb|msk_heme|foundation_one_heme	FALSE	FALSE	FALSE	FALSE
HIST1H2AL	3	oncokb|msk_heme|foundation_one_heme	FALSE	FALSE	FALSE	FALSE
HIST1H2AM	3	oncokb|msk_heme|foundation_one_heme	FALSE	FALSE	FALSE	FALSE
HIST1H2BC	4	NGC_other|oncokb|msk_heme|foundation_one_heme	FALSE	FALSE	FALSE	FALSE
HIST1H2BD	5	AZ300|TS500|oncokb|msk_impact|msk_heme	FALSE	FALSE	FALSE	FALSE
HIST1H2BG	2	oncokb|msk_heme	FALSE	FALSE	FALSE	FALSE
HIST1H2BJ	3	oncokb|msk_heme|foundation_one_heme	FALSE	FALSE	FALSE	FALSE
HIST1H2BK	3	oncokb|msk_heme|foundation_one_heme	FALSE	FALSE	FALSE	FALSE
HIST1H2BO	3	oncokb|msk_heme|foundation_one_heme	FALSE	FALSE	FALSE	FALSE
HIST1H3A	3	TS500|oncokb|msk_impact	FALSE	FALSE	FALSE	FALSE
HIST1H3B	10	TS500|TEMPUS|NGC_known|NGC_other|oncokb|msk_impact|msk_heme|foundation_one_heme|vogelstein|cosmic1	FALSE	FALSE	FALSE	TRUE
HIST1H3C	3	TS500|oncokb|msk_impact	FALSE	FALSE	FALSE	FALSE
HIST1H3D	3	TS500|oncokb|msk_impact	FALSE	FALSE	FALSE	FALSE
HIST1H3E	3	TS500|oncokb|msk_impact	FALSE	FALSE	FALSE	FALSE
HIST1H3F	3	TS500|oncokb|msk_impact	FALSE	FALSE	FALSE	FALSE
HIST1H3G	4	TS500|oncokb|msk_impact|msk_heme	FALSE	FALSE	FALSE	FALSE
HIST1H3H	3	TS500|oncokb|msk_impact	FALSE	FALSE	FALSE	FALSE
HIST1H3I	3	TS500|oncokb|msk_impact	FALSE	FALSE	FALSE	FALSE
HIST1H3J	3	TS500|oncokb|msk_impact	FALSE	FALSE	FALSE	FALSE
HIST1H4I	3	NGC_known|foundation_one_heme|cosmic1	FALSE	TRUE	FALSE	FALSE
HIST2H3A	2	TS500|oncokb	FALSE	FALSE	FALSE	FALSE
HIST2H3C	3	TS500|oncokb|msk_impact	FALSE	FALSE	FALSE	FALSE
HIST2H3D	3	TS500|oncokb|msk_impact	FALSE	FALSE	FALSE	FALSE
HIST3H3	3	TS500|oncokb|msk_impact	FALSE	FALSE	FALSE	FALSE
HLA-A	8	TS500|TEMPUS|NGC_known|NGC_other|oncokb|msk_impact|msk_heme|cosmic1	FALSE	TRUE	FALSE	FALSE
HLA-B	5	TS500|TEMPUS|NGC_other|oncokb|msk_impact	FALSE	FALSE	FALSE	FALSE
HLA-C	2	TS500|TEMPUS	FALSE	FALSE	FALSE	FALSE
HLF	3	NGC_known|foundation_one_heme|cosmic1	FALSE	TRUE	FALSE	TRUE
HMBS	1	predispose	TRUE	FALSE	FALSE	FALSE
HMGA1	3	NGC_known|foundation_one_heme|cosmic1	FALSE	TRUE	FALSE	TRUE
HMGA2	3	NGC_known|foundation_one_heme|cosmic1	FALSE	TRUE	FALSE	TRUE
HNF1A	14	predispose|AZ300|PMCC|TS500|TEMPUS|familial_cancer|NGC_known|oncokb|msk_impact|msk_heme|foundation_one|foundation_one_heme|vogelstein|cosmic1	TRUE	FALSE	TRUE	FALSE
HNF1B	2	predispose|TEMPUS	TRUE	FALSE	FALSE	FALSE
HNRNPA2B1	2	NGC_known|cosmic1	FALSE	TRUE	FALSE	TRUE
HOOK3	2	NGC_known|cosmic1	FALSE	TRUE	FALSE	FALSE
HOXA11	3	NGC_known|foundation_one_heme|cosmic1	FALSE	TRUE	FALSE	FALSE
HOXA13	3	NGC_known|foundation_one_heme|cosmic1	FALSE	TRUE	FALSE	TRUE
HOXA9	4	NGC_known|Cancermine|foundation_one_heme|cosmic1	FALSE	TRUE	FALSE	TRUE
HOXB13	6	predispose|TS500|TEMPUS|familial_cancer|oncokb|msk_impact	TRUE	FALSE	FALSE	FALSE
HOXC11	3	NGC_known|foundation_one_heme|cosmic1	FALSE	TRUE	FALSE	TRUE
HOXC13	3	NGC_known|foundation_one_heme|cosmic1	FALSE	TRUE	FALSE	TRUE
HOXD11	3	NGC_known|foundation_one_heme|cosmic1	FALSE	TRUE	FALSE	TRUE
HOXD13	3	NGC_known|foundation_one_heme|cosmic1	FALSE	TRUE	FALSE	TRUE
HRAS	16	predispose|AZ300|PMCC|TS500|TEMPUS|familial_cancer|NGC_known|NGC_other|Cancermine|oncokb|msk_impact|msk_heme|foundation_one|foundation_one_heme|vogelstein|cosmic1	TRUE	FALSE	FALSE	TRUE
HSD3B1	3	PMCC|TS500|foundation_one	FALSE	FALSE	FALSE	FALSE
HSP90AA1	7	PMCC|TS500|TEMPUS|NGC_known|foundation_one|foundation_one_heme|cosmic1	FALSE	TRUE	FALSE	FALSE
HSP90AB1	3	NGC_known|foundation_one_heme|cosmic1	FALSE	TRUE	FALSE	FALSE
ICOSLG	3	TS500|oncokb|msk_impact	FALSE	FALSE	FALSE	FALSE
ID3	8	TS500|NGC_known|NGC_other|oncokb|msk_impact|msk_heme|foundation_one_heme|cosmic2	FALSE	FALSE	TRUE	FALSE
IDH1	14	AZ300|PMCC|TS500|TEMPUS|NGC_known|NGC_other|Cancermine|oncokb|msk_impact|msk_heme|foundation_one|foundation_one_heme|vogelstein|cosmic1	FALSE	FALSE	FALSE	TRUE
IDH2	13	AZ300|PMCC|TS500|TEMPUS|NGC_known|NGC_other|oncokb|msk_impact|msk_heme|foundation_one|foundation_one_heme|vogelstein|cosmic1	FALSE	FALSE	FALSE	TRUE
IFNGR1	4	TS500|TEMPUS|oncokb|msk_impact	FALSE	FALSE	FALSE	FALSE
IGF1	5	PMCC|TS500|oncokb|msk_impact|msk_heme	FALSE	FALSE	FALSE	FALSE
IGF1R	9	AZ300|PMCC|TS500|NGC_other|oncokb|msk_impact|msk_heme|foundation_one|foundation_one_heme	FALSE	FALSE	FALSE	FALSE
IGF2	6	PMCC|TS500|oncokb|msk_impact|msk_heme|foundation_one	FALSE	FALSE	FALSE	FALSE
IGF2BP2	2	NGC_known|cosmic2	FALSE	FALSE	TRUE	FALSE
IGH	2	foundation_one_heme|cosmic1	FALSE	TRUE	FALSE	FALSE
IGK	2	foundation_one_heme|cosmic1	FALSE	TRUE	FALSE	FALSE
IGL	2	foundation_one_heme|cosmic1	FALSE	TRUE	FALSE	FALSE
IKBKB	2	NGC_known|cosmic1	FALSE	FALSE	FALSE	TRUE
IKBKE	8	PMCC|TS500|TEMPUS|oncokb|msk_impact|msk_heme|foundation_one|foundation_one_heme	FALSE	FALSE	FALSE	FALSE
IKZF1	12	PMCC|TS500|TEMPUS|NGC_known|NGC_other|Cancermine|oncokb|msk_impact|msk_heme|foundation_one|foundation_one_heme|cosmic1	FALSE	TRUE	TRUE	TRUE
IKZF3	4	NGC_other|oncokb|msk_heme|foundation_one_heme	FALSE	FALSE	FALSE	FALSE
IL10	3	TS500|oncokb|msk_impact	FALSE	FALSE	FALSE	FALSE
IL2	2	NGC_known|cosmic1	FALSE	TRUE	FALSE	FALSE
IL21R	3	NGC_known|foundation_one_heme|cosmic1	FALSE	TRUE	FALSE	FALSE
IL2RA	2	PMCC|TEMPUS	FALSE	FALSE	FALSE	FALSE
IL6	2	AZ300|Cancermine	FALSE	FALSE	FALSE	TRUE
IL6ST	2	NGC_known|cosmic1	FALSE	FALSE	FALSE	TRUE
IL7R	11	PMCC|TS500|TEMPUS|NGC_known|NGC_other|oncokb|msk_impact|msk_heme|foundation_one|foundation_one_heme|cosmic1	FALSE	FALSE	FALSE	TRUE
INHA	3	TS500|oncokb|msk_impact	FALSE	FALSE	FALSE	FALSE
INHBA	6	PMCC|TS500|oncokb|msk_impact|foundation_one|foundation_one_heme	FALSE	FALSE	FALSE	FALSE
INPP4A	4	AZ300|TS500|oncokb|msk_impact	FALSE	FALSE	FALSE	FALSE
INPP4B	10	AZ300|PMCC|TS500|TEMPUS|Cancermine|oncokb|msk_impact|msk_heme|foundation_one|foundation_one_heme	FALSE	FALSE	TRUE	TRUE
INPPL1	2	oncokb|msk_impact	FALSE	FALSE	FALSE	FALSE
INSR	3	TS500|oncokb|msk_impact	FALSE	FALSE	FALSE	FALSE
IRF1	4	TEMPUS|oncokb|msk_heme|foundation_one_heme	FALSE	FALSE	FALSE	FALSE
IRF2	4	PMCC|TS500|TEMPUS|foundation_one	FALSE	FALSE	FALSE	FALSE
IRF4	12	PMCC|TS500|TEMPUS|NGC_known|NGC_other|Cancermine|oncokb|msk_impact|msk_heme|foundation_one|foundation_one_heme|cosmic1	FALSE	TRUE	FALSE	TRUE
IRF8	3	oncokb|msk_heme|foundation_one_heme	FALSE	FALSE	FALSE	FALSE
IRS1	3	TS500|oncokb|msk_impact	FALSE	FALSE	FALSE	FALSE
IRS2	8	PMCC|TS500|TEMPUS|oncokb|msk_impact|msk_heme|foundation_one|foundation_one_heme	FALSE	FALSE	FALSE	FALSE
IRS4	2	NGC_known|cosmic1	FALSE	FALSE	FALSE	FALSE
ISX	2	NGC_known|cosmic2	FALSE	FALSE	FALSE	FALSE
ITGAV	2	NGC_known|cosmic2	FALSE	FALSE	FALSE	FALSE
ITK	4	predispose|NGC_known|foundation_one_heme|cosmic1	TRUE	TRUE	FALSE	FALSE
JAK1	13	AZ300|PMCC|TS500|TEMPUS|NGC_known|NGC_other|oncokb|msk_impact|msk_heme|foundation_one|foundation_one_heme|vogelstein|cosmic1	FALSE	FALSE	FALSE	FALSE
JAK2	14	AZ300|PMCC|TS500|TEMPUS|NGC_known|NGC_other|Cancermine|oncokb|msk_impact|msk_heme|foundation_one|foundation_one_heme|vogelstein|cosmic1	FALSE	TRUE	FALSE	TRUE
JAK3	13	AZ300|PMCC|TS500|TEMPUS|NGC_known|NGC_other|oncokb|msk_impact|msk_heme|foundation_one|foundation_one_heme|vogelstein|cosmic1	FALSE	FALSE	FALSE	TRUE
JARID2	3	oncokb|msk_heme|foundation_one_heme	FALSE	FALSE	FALSE	FALSE
JAZF1	3	NGC_known|foundation_one_heme|cosmic2	FALSE	TRUE	FALSE	FALSE
JMJD1C	1	predispose	TRUE	FALSE	FALSE	FALSE
JUN	11	PMCC|TS500|TEMPUS|NGC_known|Cancermine|oncokb|msk_impact|msk_heme|foundation_one|foundation_one_heme|cosmic1	FALSE	FALSE	FALSE	TRUE
KAT6A	7	PMCC|TS500|TEMPUS|NGC_known|foundation_one|foundation_one_heme|cosmic1	FALSE	TRUE	FALSE	TRUE
KAT6B	2	NGC_known|cosmic1	FALSE	TRUE	TRUE	FALSE
KAT7	2	NGC_known|cosmic2	FALSE	FALSE	FALSE	TRUE
KCNJ5	2	NGC_known|cosmic1	FALSE	FALSE	FALSE	TRUE
KDM5A	10	PMCC|TS500|TEMPUS|NGC_known|oncokb|msk_impact|msk_heme|foundation_one|foundation_one_heme|cosmic1	FALSE	TRUE	FALSE	TRUE
KDM5C	13	AZ300|PMCC|TS500|TEMPUS|NGC_known|NGC_other|oncokb|msk_impact|msk_heme|foundation_one|foundation_one_heme|vogelstein|cosmic1	FALSE	FALSE	TRUE	FALSE
KDM6A	13	AZ300|PMCC|TS500|TEMPUS|NGC_known|NGC_other|oncokb|msk_impact|msk_heme|foundation_one|foundation_one_heme|vogelstein|cosmic1	FALSE	FALSE	FALSE	FALSE
KDR	13	predispose|AZ300|PMCC|TS500|TEMPUS|NGC_known|NGC_other|oncokb|msk_impact|msk_heme|foundation_one|foundation_one_heme|cosmic1	TRUE	FALSE	FALSE	TRUE
KDSR	3	NGC_known|foundation_one_heme|cosmic1	FALSE	TRUE	FALSE	FALSE
KEAP1	12	AZ300|PMCC|TS500|TEMPUS|NGC_known|NGC_other|oncokb|msk_impact|msk_heme|foundation_one|foundation_one_heme|cosmic1	FALSE	FALSE	TRUE	FALSE
KEL	5	PMCC|TS500|TEMPUS|NGC_other|foundation_one	FALSE	FALSE	FALSE	FALSE
KIAA1549	2	NGC_known|cosmic2	FALSE	TRUE	FALSE	FALSE
KIF1B	2	predispose|TEMPUS	TRUE	FALSE	FALSE	FALSE
KIF5B	4	TS500|NGC_known|foundation_one_heme|cosmic1	FALSE	TRUE	FALSE	FALSE
KIT	16	predispose|AZ300|PMCC|TS500|TEMPUS|familial_cancer|NGC_known|NGC_other|Cancermine|oncokb|msk_impact|msk_heme|foundation_one|foundation_one_heme|vogelstein|cosmic1	TRUE	FALSE	FALSE	TRUE
KLF4	7	TS500|NGC_known|Cancermine|oncokb|msk_impact|vogelstein|cosmic1	FALSE	FALSE	TRUE	TRUE
KLF5	3	NGC_other|Cancermine|oncokb	FALSE	FALSE	TRUE	TRUE
KLF6	3	NGC_known|Cancermine|cosmic1	FALSE	FALSE	TRUE	FALSE
KLHL6	6	PMCC|TS500|TEMPUS|NGC_other|foundation_one|foundation_one_heme	FALSE	FALSE	FALSE	FALSE
KLK2	2	NGC_known|cosmic1	FALSE	TRUE	FALSE	FALSE
KLLN	3	predispose|TEMPUS|familial_cancer	TRUE	FALSE	FALSE	FALSE
KMT2A	12	PMCC|TS500|TEMPUS|NGC_known|NGC_other|Cancermine|oncokb|msk_impact|msk_heme|foundation_one|foundation_one_heme|cosmic1	FALSE	TRUE	FALSE	TRUE
KMT2B	7	AZ300|TS500|TEMPUS|oncokb|msk_impact|msk_heme|foundation_one_heme	FALSE	FALSE	FALSE	FALSE
KMT2C	13	AZ300|PMCC|TS500|TEMPUS|NGC_known|NGC_other|oncokb|msk_impact|msk_heme|foundation_one|foundation_one_heme|vogelstein|cosmic1	FALSE	FALSE	TRUE	FALSE
KMT2D	12	AZ300|PMCC|TS500|TEMPUS|NGC_known|NGC_other|oncokb|msk_impact|msk_heme|foundation_one|vogelstein|cosmic1	FALSE	FALSE	FALSE	FALSE
KMT5A	3	oncokb|msk_impact|msk_heme	FALSE	FALSE	FALSE	FALSE
KNL1	1	NGC_known	FALSE	TRUE	TRUE	FALSE
KNSTRN	5	PMCC|NGC_known|oncokb|msk_impact|cosmic2	FALSE	FALSE	FALSE	TRUE
KRAS	15	predispose|AZ300|PMCC|TS500|TEMPUS|NGC_known|NGC_other|Cancermine|oncokb|msk_impact|msk_heme|foundation_one|foundation_one_heme|vogelstein|cosmic1	TRUE	FALSE	TRUE	TRUE
KSR2	2	oncokb|msk_heme	FALSE	FALSE	FALSE	FALSE
KTN1	2	NGC_known|cosmic1	FALSE	TRUE	FALSE	FALSE
LAMP1	2	AZ300|TS500	FALSE	FALSE	FALSE	FALSE
LARP4B	2	NGC_known|cosmic2	FALSE	FALSE	TRUE	FALSE
LASP1	3	NGC_known|foundation_one_heme|cosmic1	FALSE	TRUE	FALSE	FALSE
LATS1	4	TS500|oncokb|msk_impact|cosmic1	FALSE	FALSE	TRUE	FALSE
LATS2	4	TS500|oncokb|msk_impact|cosmic1	FALSE	FALSE	TRUE	FALSE
LCK	4	NGC_known|oncokb|msk_heme|cosmic1	FALSE	TRUE	FALSE	TRUE
LCP1	3	NGC_known|foundation_one_heme|cosmic2	FALSE	TRUE	FALSE	FALSE
LEF1	4	TEMPUS|NGC_known|foundation_one_heme|cosmic1	FALSE	FALSE	FALSE	FALSE
LEPROTL1	2	NGC_known|cosmic2	FALSE	FALSE	TRUE	FALSE
LHFPL6	1	NGC_known	FALSE	TRUE	FALSE	FALSE
LIFR	3	AZ300|NGC_known|cosmic1	FALSE	TRUE	FALSE	FALSE
LMNA	3	TEMPUS|NGC_known|cosmic1	FALSE	TRUE	FALSE	FALSE
LMO1	12	predispose|TS500|TEMPUS|familial_cancer|NGC_known|Cancermine|oncokb|msk_impact|msk_heme|foundation_one|foundation_one_heme|cosmic1	TRUE	TRUE	FALSE	TRUE
LMO2	4	NGC_known|Cancermine|foundation_one_heme|cosmic1	FALSE	TRUE	FALSE	TRUE
LPP	3	NGC_known|foundation_one_heme|cosmic1	FALSE	TRUE	FALSE	TRUE
LRIG3	2	NGC_known|cosmic1	FALSE	TRUE	TRUE	FALSE
LRP1B	8	PMCC|TS500|TEMPUS|NGC_known|NGC_other|foundation_one|foundation_one_heme|cosmic1	FALSE	FALSE	TRUE	FALSE
LRRK2	3	AZ300|NGC_other|foundation_one_heme	FALSE	FALSE	FALSE	FALSE
LSM14A	2	NGC_known|cosmic2	FALSE	TRUE	FALSE	FALSE
LTB	2	oncokb|msk_heme	FALSE	FALSE	FALSE	FALSE
LYL1	3	NGC_known|foundation_one_heme|cosmic1	FALSE	TRUE	FALSE	TRUE
LYN	6	PMCC|TS500|TEMPUS|oncokb|msk_impact|foundation_one	FALSE	FALSE	FALSE	FALSE
LZTR1	8	predispose|PMCC|TS500|TEMPUS|NGC_known|NGC_other|foundation_one|cosmic1	TRUE	FALSE	TRUE	FALSE
MACC1	2	Cancermine|cosmic2	FALSE	FALSE	FALSE	TRUE
MAF	5	TEMPUS|NGC_known|Cancermine|foundation_one_heme|cosmic1	FALSE	TRUE	FALSE	TRUE
MAFB	4	TEMPUS|NGC_known|foundation_one_heme|cosmic1	FALSE	TRUE	FALSE	TRUE
MAGI2	3	PMCC|TS500|foundation_one	FALSE	FALSE	FALSE	FALSE
MALAT1	2	AZ300|cosmic2	FALSE	FALSE	FALSE	FALSE
MALT1	9	TS500|TEMPUS|NGC_known|Cancermine|oncokb|msk_impact|msk_heme|foundation_one_heme|cosmic1	FALSE	TRUE	FALSE	TRUE
MAML2	2	NGC_known|cosmic1	FALSE	TRUE	FALSE	TRUE
MAP2K1	14	predispose|AZ300|PMCC|TS500|TEMPUS|NGC_known|NGC_other|oncokb|msk_impact|msk_heme|foundation_one|foundation_one_heme|vogelstein|cosmic1	TRUE	FALSE	FALSE	TRUE
MAP2K2	12	predispose|AZ300|PMCC|TS500|TEMPUS|NGC_known|oncokb|msk_impact|msk_heme|foundation_one|foundation_one_heme|cosmic1	TRUE	FALSE	FALSE	TRUE
MAP2K4	12	AZ300|PMCC|TS500|TEMPUS|NGC_known|NGC_other|oncokb|msk_impact|msk_heme|foundation_one|foundation_one_heme|cosmic1	FALSE	FALSE	FALSE	FALSE
MAP3K1	13	AZ300|PMCC|TS500|TEMPUS|NGC_known|NGC_other|oncokb|msk_impact|msk_heme|foundation_one|foundation_one_heme|vogelstein|cosmic1	FALSE	FALSE	FALSE	FALSE
MAP3K13	7	AZ300|TS500|NGC_known|oncokb|msk_impact|msk_heme|cosmic1	FALSE	FALSE	FALSE	FALSE
MAP3K14	5	TS500|oncokb|msk_impact|msk_heme|foundation_one_heme	FALSE	FALSE	FALSE	FALSE
MAP3K6	3	predispose|familial_cancer|foundation_one_heme	TRUE	FALSE	FALSE	FALSE
MAP3K7	2	TEMPUS|foundation_one_heme	FALSE	FALSE	FALSE	FALSE
MAPK1	12	AZ300|PMCC|TS500|TEMPUS|NGC_known|NGC_other|Cancermine|oncokb|msk_impact|msk_heme|foundation_one_heme|cosmic1	FALSE	FALSE	FALSE	TRUE
MAPK3	6	AZ300|PMCC|TS500|oncokb|msk_impact|msk_heme	FALSE	FALSE	FALSE	FALSE
MAPKAP1	3	AZ300|oncokb|msk_impact	FALSE	FALSE	FALSE	FALSE
MAX	9	predispose|TS500|TEMPUS|familial_cancer|NGC_known|NGC_other|oncokb|msk_impact|cosmic1	TRUE	FALSE	TRUE	FALSE
MB21D2	2	NGC_known|cosmic2	FALSE	FALSE	FALSE	FALSE
MCL1	9	AZ300|PMCC|TS500|TEMPUS|oncokb|msk_impact|msk_heme|foundation_one|foundation_one_heme	FALSE	FALSE	FALSE	FALSE
MDC1	3	TS500|oncokb|msk_impact	FALSE	FALSE	FALSE	FALSE
MDM2	12	AZ300|PMCC|TS500|TEMPUS|NGC_known|Cancermine|oncokb|msk_impact|msk_heme|foundation_one|foundation_one_heme|cosmic1	FALSE	FALSE	FALSE	TRUE
MDM4	11	AZ300|PMCC|TS500|TEMPUS|NGC_known|oncokb|msk_impact|msk_heme|foundation_one|foundation_one_heme|cosmic1	FALSE	FALSE	FALSE	TRUE
MDS2	3	NGC_known|foundation_one_heme|cosmic2	FALSE	TRUE	FALSE	FALSE
MECOM	6	AZ300|NGC_known|NGC_other|Cancermine|foundation_one_heme|cosmic1	FALSE	TRUE	FALSE	TRUE
MED12	13	AZ300|PMCC|TS500|TEMPUS|NGC_known|NGC_other|oncokb|msk_impact|msk_heme|foundation_one|foundation_one_heme|vogelstein|cosmic1	FALSE	FALSE	TRUE	FALSE
MEF2B	9	PMCC|TS500|TEMPUS|NGC_other|oncokb|msk_impact|msk_heme|foundation_one|foundation_one_heme	FALSE	FALSE	FALSE	FALSE
MEN1	15	predispose|PMCC|TS500|TEMPUS|familial_cancer|NGC_known|NGC_other|Cancermine|oncokb|msk_impact|msk_heme|foundation_one|foundation_one_heme|vogelstein|cosmic1	TRUE	FALSE	TRUE	TRUE
MET	16	predispose|AZ300|PMCC|TS500|TEMPUS|familial_cancer|NGC_known|NGC_other|Cancermine|oncokb|msk_impact|msk_heme|foundation_one|foundation_one_heme|vogelstein|cosmic1	TRUE	FALSE	FALSE	TRUE
MGA	6	AZ300|TS500|NGC_other|oncokb|msk_impact|msk_heme	FALSE	FALSE	FALSE	FALSE
MGAM	2	oncokb|msk_heme	FALSE	FALSE	FALSE	FALSE
MGMT	4	PMCC|TEMPUS|NGC_known|cosmic2	FALSE	FALSE	TRUE	FALSE
MIB1	2	TEMPUS|foundation_one_heme	FALSE	FALSE	FALSE	FALSE
MITF	14	predispose|AZ300|PMCC|TS500|TEMPUS|familial_cancer|NGC_known|Cancermine|oncokb|msk_impact|msk_heme|foundation_one|foundation_one_heme|cosmic1	TRUE	FALSE	FALSE	TRUE
MKI67	2	TEMPUS|foundation_one_heme	FALSE	FALSE	FALSE	FALSE
MKL1	3	NGC_known|foundation_one_heme|cosmic1	FALSE	TRUE	FALSE	FALSE
MLF1	3	NGC_known|foundation_one_heme|cosmic1	FALSE	TRUE	TRUE	FALSE
MLH1	15	predispose|AZ300|PMCC|TS500|TEMPUS|familial_cancer|NGC_known|NGC_other|oncokb|msk_impact|msk_heme|foundation_one|foundation_one_heme|vogelstein|cosmic1	TRUE	FALSE	TRUE	FALSE
MLH3	4	predispose|AZ300|TEMPUS|familial_cancer	TRUE	FALSE	FALSE	FALSE
MLLT1	4	NGC_known|Cancermine|foundation_one_heme|cosmic1	FALSE	TRUE	FALSE	FALSE
MLLT10	3	NGC_known|foundation_one_heme|cosmic1	FALSE	TRUE	FALSE	TRUE
MLLT11	3	NGC_known|Cancermine|cosmic1	FALSE	TRUE	FALSE	TRUE
MLLT3	6	TS500|TEMPUS|NGC_known|Cancermine|foundation_one_heme|cosmic1	FALSE	TRUE	FALSE	TRUE
MLLT4	2	foundation_one_heme|cosmic1	FALSE	FALSE	FALSE	FALSE
MLLT6	3	NGC_known|foundation_one_heme|cosmic1	FALSE	TRUE	FALSE	FALSE
MN1	3	NGC_known|foundation_one_heme|cosmic1	FALSE	TRUE	FALSE	TRUE
MNX1	4	NGC_known|Cancermine|foundation_one_heme|cosmic2	FALSE	TRUE	FALSE	TRUE
MOB3B	2	oncokb|msk_heme	FALSE	FALSE	FALSE	FALSE
MPEG1	2	oncokb|msk_heme	FALSE	FALSE	FALSE	FALSE
MPL	15	predispose|AZ300|PMCC|TS500|TEMPUS|familial_cancer|NGC_known|NGC_other|oncokb|msk_impact|msk_heme|foundation_one|foundation_one_heme|vogelstein|cosmic1	TRUE	FALSE	FALSE	TRUE
MRE11	5	predispose|PMCC|TS500|TEMPUS|familial_cancer	TRUE	FALSE	FALSE	FALSE
MRE11A	5	oncokb|msk_impact|msk_heme|foundation_one|foundation_one_heme	FALSE	FALSE	FALSE	FALSE
MS4A1	2	PMCC|TEMPUS	FALSE	FALSE	FALSE	FALSE
MSH2	15	predispose|AZ300|PMCC|TS500|TEMPUS|familial_cancer|NGC_known|NGC_other|oncokb|msk_impact|msk_heme|foundation_one|foundation_one_heme|vogelstein|cosmic1	TRUE	FALSE	TRUE	FALSE
MSH3	7	predispose|AZ300|TS500|TEMPUS|oncokb|msk_impact|foundation_one_heme	TRUE	FALSE	FALSE	FALSE
MSH6	15	predispose|AZ300|PMCC|TS500|TEMPUS|familial_cancer|NGC_known|NGC_other|oncokb|msk_impact|msk_heme|foundation_one|foundation_one_heme|vogelstein|cosmic1	TRUE	FALSE	TRUE	FALSE
MSI1	2	oncokb|msk_impact	FALSE	FALSE	FALSE	FALSE
MSI2	5	NGC_known|oncokb|msk_impact|foundation_one_heme|cosmic1	FALSE	TRUE	FALSE	TRUE
MSN	3	NGC_known|foundation_one_heme|cosmic1	FALSE	TRUE	FALSE	FALSE
MST1	3	TS500|oncokb|msk_impact	FALSE	FALSE	FALSE	FALSE
MST1R	4	TS500|Cancermine|oncokb|msk_impact	FALSE	FALSE	FALSE	TRUE
MTAP	2	predispose|TEMPUS	TRUE	FALSE	FALSE	FALSE
MTCP1	2	NGC_known|cosmic1	FALSE	TRUE	FALSE	TRUE
MTOR	13	AZ300|PMCC|TS500|TEMPUS|NGC_known|NGC_other|Cancermine|oncokb|msk_impact|msk_heme|foundation_one|foundation_one_heme|cosmic1	FALSE	FALSE	FALSE	TRUE
MUC1	4	NGC_known|Cancermine|foundation_one_heme|cosmic1	FALSE	TRUE	FALSE	TRUE
MUC16	3	NGC_known|NGC_other|cosmic2	FALSE	FALSE	FALSE	TRUE
MUC4	3	NGC_known|NGC_other|cosmic2	FALSE	FALSE	FALSE	TRUE
MUTYH	13	predispose|AZ300|PMCC|TS500|TEMPUS|familial_cancer|NGC_known|oncokb|msk_impact|msk_heme|foundation_one|foundation_one_heme|cosmic1	TRUE	FALSE	TRUE	FALSE
MYB	9	PMCC|TS500|TEMPUS|NGC_known|NGC_other|Cancermine|foundation_one|foundation_one_heme|cosmic1	FALSE	TRUE	FALSE	TRUE
MYC	13	AZ300|PMCC|TS500|TEMPUS|NGC_known|NGC_other|Cancermine|oncokb|msk_impact|msk_heme|foundation_one|foundation_one_heme|cosmic1	FALSE	TRUE	FALSE	TRUE
MYCL	12	AZ300|PMCC|TS500|TEMPUS|NGC_known|Cancermine|oncokb|msk_impact|msk_heme|foundation_one|foundation_one_heme|cosmic1	FALSE	FALSE	FALSE	TRUE
MYCN	13	AZ300|PMCC|TS500|TEMPUS|NGC_known|NGC_other|Cancermine|oncokb|msk_impact|msk_heme|foundation_one|foundation_one_heme|cosmic1	FALSE	FALSE	TRUE	TRUE
MYD88	12	PMCC|TS500|TEMPUS|NGC_known|NGC_other|oncokb|msk_impact|msk_heme|foundation_one|foundation_one_heme|vogelstein|cosmic1	FALSE	FALSE	FALSE	TRUE
MYH11	4	TEMPUS|NGC_known|foundation_one_heme|cosmic1	FALSE	TRUE	FALSE	FALSE
MYH9	4	AZ300|NGC_known|foundation_one_heme|cosmic1	FALSE	TRUE	TRUE	FALSE
MYO5A	2	NGC_known|cosmic1	FALSE	TRUE	FALSE	FALSE
MYOD1	5	TS500|NGC_known|oncokb|msk_impact|cosmic1	FALSE	FALSE	FALSE	TRUE
N4BP2	2	NGC_known|cosmic2	FALSE	FALSE	TRUE	FALSE
NAB2	3	TS500|NGC_known|cosmic1	FALSE	TRUE	TRUE	FALSE
NACA	3	NGC_known|foundation_one_heme|cosmic2	FALSE	TRUE	FALSE	FALSE
NAV3	2	AZ300|NGC_other	FALSE	FALSE	FALSE	FALSE
NBEA	2	NGC_known|cosmic2	FALSE	FALSE	FALSE	FALSE
NBN	9	predispose|TS500|TEMPUS|familial_cancer|NGC_known|oncokb|msk_impact|msk_heme|cosmic1	TRUE	FALSE	TRUE	FALSE
NCKIPSD	2	NGC_known|cosmic2	FALSE	TRUE	FALSE	FALSE
NCOA1	2	NGC_known|cosmic1	FALSE	TRUE	FALSE	FALSE
NCOA2	3	NGC_known|foundation_one_heme|cosmic1	FALSE	TRUE	FALSE	TRUE
NCOA3	4	TS500|Cancermine|oncokb|msk_impact	FALSE	FALSE	FALSE	TRUE
NCOA4	2	NGC_known|cosmic1	FALSE	TRUE	TRUE	FALSE
NCOR1	10	AZ300|TS500|TEMPUS|NGC_known|NGC_other|oncokb|msk_impact|msk_heme|vogelstein|cosmic1	FALSE	FALSE	TRUE	FALSE
NCOR2	7	AZ300|TEMPUS|NGC_known|oncokb|msk_heme|foundation_one_heme|cosmic1	FALSE	FALSE	TRUE	FALSE
NCSTN	3	oncokb|msk_heme|foundation_one_heme	FALSE	FALSE	FALSE	FALSE
NDRG1	3	NGC_known|foundation_one_heme|cosmic1	FALSE	TRUE	TRUE	FALSE
NEGR1	3	TS500|oncokb|msk_impact	FALSE	FALSE	FALSE	FALSE
NEK1	2	predispose|familial_cancer	TRUE	FALSE	FALSE	FALSE
NF1	16	predispose|AZ300|PMCC|TS500|TEMPUS|familial_cancer|NGC_known|NGC_other|Cancermine|oncokb|msk_impact|msk_heme|foundation_one|foundation_one_heme|vogelstein|cosmic1	TRUE	TRUE	TRUE	FALSE
NF2	16	predispose|AZ300|PMCC|TS500|TEMPUS|familial_cancer|NGC_known|NGC_other|Cancermine|oncokb|msk_impact|msk_heme|foundation_one|foundation_one_heme|vogelstein|cosmic1	TRUE	FALSE	TRUE	FALSE
NFATC2	2	NGC_known|cosmic1	FALSE	TRUE	FALSE	TRUE
NFE2	2	oncokb|msk_heme	FALSE	FALSE	FALSE	FALSE
NFE2L2	13	AZ300|PMCC|TS500|TEMPUS|NGC_known|NGC_other|oncokb|msk_impact|msk_heme|foundation_one|foundation_one_heme|vogelstein|cosmic1	FALSE	FALSE	FALSE	FALSE
NFE2L3	2	AZ300|NGC_other	FALSE	FALSE	FALSE	FALSE
NFIB	3	NGC_known|Cancermine|cosmic1	FALSE	TRUE	FALSE	TRUE
NFKB1	2	PMCC|Cancermine	FALSE	FALSE	FALSE	TRUE
NFKB2	3	NGC_known|foundation_one_heme|cosmic1	FALSE	TRUE	FALSE	FALSE
NFKBIA	8	PMCC|TS500|TEMPUS|NGC_other|oncokb|msk_impact|foundation_one|foundation_one_heme	FALSE	FALSE	FALSE	FALSE
NFKBIE	2	NGC_known|cosmic1	FALSE	FALSE	TRUE	FALSE
NHP2	2	predispose|TEMPUS	TRUE	FALSE	FALSE	FALSE
NIN	3	NGC_known|foundation_one_heme|cosmic1	FALSE	TRUE	FALSE	FALSE
NKX2-1	12	AZ300|PMCC|TS500|TEMPUS|NGC_known|Cancermine|oncokb|msk_impact|msk_heme|foundation_one|foundation_one_heme|cosmic1	FALSE	FALSE	FALSE	TRUE
NKX3-1	3	TS500|oncokb|msk_impact	FALSE	FALSE	FALSE	FALSE
NONO	2	NGC_known|cosmic1	FALSE	TRUE	FALSE	FALSE
NOP10	2	predispose|TEMPUS	TRUE	FALSE	FALSE	FALSE
NOTCH1	14	AZ300|PMCC|TS500|TEMPUS|NGC_known|NGC_other|Cancermine|oncokb|msk_impact|msk_heme|foundation_one|foundation_one_heme|vogelstein|cosmic1	FALSE	TRUE	TRUE	TRUE
NOTCH2	13	PMCC|TS500|TEMPUS|NGC_known|NGC_other|Cancermine|oncokb|msk_impact|msk_heme|foundation_one|foundation_one_heme|vogelstein|cosmic1	FALSE	FALSE	TRUE	TRUE
NOTCH3	8	PMCC|TS500|TEMPUS|NGC_other|oncokb|msk_impact|msk_heme|foundation_one	FALSE	FALSE	FALSE	FALSE
NOTCH4	4	TS500|oncokb|msk_impact|msk_heme	FALSE	FALSE	FALSE	FALSE
NPM1	14	AZ300|PMCC|TS500|TEMPUS|NGC_known|NGC_other|Cancermine|oncokb|msk_impact|msk_heme|foundation_one|foundation_one_heme|vogelstein|cosmic1	FALSE	TRUE	FALSE	TRUE
NR4A3	4	NGC_known|Cancermine|foundation_one_heme|cosmic1	FALSE	TRUE	TRUE	TRUE
NRAS	15	predispose|AZ300|PMCC|TS500|TEMPUS|NGC_known|NGC_other|Cancermine|oncokb|msk_impact|msk_heme|foundation_one|foundation_one_heme|vogelstein|cosmic1	TRUE	FALSE	FALSE	TRUE
NRG1	5	AZ300|TS500|TEMPUS|NGC_known|cosmic1	FALSE	TRUE	TRUE	FALSE
NSD1	14	predispose|AZ300|PMCC|TS500|TEMPUS|familial_cancer|NGC_known|NGC_other|oncokb|msk_impact|msk_heme|foundation_one|foundation_one_heme|cosmic1	TRUE	TRUE	FALSE	FALSE
NSD2	3	TEMPUS|NGC_known|NGC_other	FALSE	TRUE	FALSE	TRUE
NSD3	1	NGC_known	FALSE	TRUE	FALSE	TRUE
NT5C2	6	TEMPUS|NGC_known|oncokb|msk_heme|foundation_one_heme|cosmic1	FALSE	FALSE	FALSE	TRUE
NTHL1	6	predispose|TEMPUS|NGC_known|oncokb|msk_impact|cosmic2	TRUE	FALSE	TRUE	FALSE
NTRK1	14	predispose|PMCC|TS500|TEMPUS|familial_cancer|NGC_known|NGC_other|Cancermine|oncokb|msk_impact|msk_heme|foundation_one|foundation_one_heme|cosmic1	TRUE	TRUE	FALSE	TRUE
NTRK2	8	PMCC|TS500|TEMPUS|oncokb|msk_impact|msk_heme|foundation_one|foundation_one_heme	FALSE	FALSE	FALSE	FALSE
NTRK3	11	PMCC|TS500|TEMPUS|NGC_known|NGC_other|oncokb|msk_impact|msk_heme|foundation_one|foundation_one_heme|cosmic1	FALSE	TRUE	FALSE	TRUE
NUF2	2	oncokb|msk_impact	FALSE	FALSE	FALSE	FALSE
NUMA1	3	NGC_known|foundation_one_heme|cosmic1	FALSE	TRUE	FALSE	FALSE
NUP214	3	NGC_known|foundation_one_heme|cosmic1	FALSE	TRUE	FALSE	FALSE
NUP93	6	PMCC|TS500|oncokb|msk_impact|foundation_one|foundation_one_heme	FALSE	FALSE	FALSE	FALSE
NUP98	4	TEMPUS|NGC_known|foundation_one_heme|cosmic1	FALSE	TRUE	FALSE	TRUE
NUTM1	5	PMCC|TS500|NGC_known|oncokb|cosmic1	FALSE	TRUE	FALSE	TRUE
NUTM2A	3	NGC_known|foundation_one_heme|cosmic1	FALSE	TRUE	FALSE	FALSE
NUTM2B	2	NGC_known|cosmic1	FALSE	TRUE	FALSE	FALSE
OGG1	1	predispose	TRUE	FALSE	FALSE	FALSE
OLIG2	2	NGC_known|cosmic1	FALSE	TRUE	FALSE	TRUE
OMD	3	NGC_known|foundation_one_heme|cosmic2	FALSE	TRUE	FALSE	FALSE
P2RY8	7	TEMPUS|NGC_known|NGC_other|oncokb|msk_heme|foundation_one_heme|cosmic1	FALSE	TRUE	FALSE	TRUE
PABPC1	3	NGC_known|NGC_other|cosmic2	FALSE	FALSE	FALSE	FALSE
PAFAH1B2	3	NGC_known|foundation_one_heme|cosmic1	FALSE	TRUE	FALSE	FALSE
PAK1	5	AZ300|TS500|TEMPUS|oncokb|msk_impact	FALSE	FALSE	FALSE	FALSE
PAK3	4	PMCC|TS500|foundation_one|foundation_one_heme	FALSE	FALSE	FALSE	FALSE
PAK5	4	TS500|oncokb|msk_impact|msk_heme	FALSE	FALSE	FALSE	FALSE
PALB2	14	predispose|AZ300|PMCC|TS500|TEMPUS|familial_cancer|NGC_known|NGC_other|oncokb|msk_impact|msk_heme|foundation_one|foundation_one_heme|cosmic1	TRUE	FALSE	TRUE	FALSE
PARK2	3	oncokb|msk_impact|foundation_one	FALSE	FALSE	FALSE	FALSE
PARP1	5	PMCC|TS500|oncokb|msk_impact|msk_heme	FALSE	FALSE	FALSE	FALSE
PATZ1	1	NGC_known	FALSE	TRUE	TRUE	FALSE
PAX3	5	TS500|TEMPUS|NGC_known|foundation_one_heme|cosmic1	FALSE	TRUE	FALSE	TRUE
PAX5	14	predispose|PMCC|TS500|TEMPUS|NGC_known|NGC_other|Cancermine|oncokb|msk_impact|msk_heme|foundation_one|foundation_one_heme|vogelstein|cosmic1	TRUE	TRUE	TRUE	TRUE
PAX7	5	TS500|TEMPUS|NGC_known|foundation_one_heme|cosmic1	FALSE	TRUE	FALSE	FALSE
PAX8	5	TS500|TEMPUS|NGC_known|oncokb|cosmic1	FALSE	TRUE	FALSE	FALSE
PBRM1	13	AZ300|PMCC|TS500|TEMPUS|NGC_known|NGC_other|oncokb|msk_impact|msk_heme|foundation_one|foundation_one_heme|vogelstein|cosmic1	FALSE	FALSE	TRUE	FALSE
PBX1	4	NGC_known|Cancermine|foundation_one_heme|cosmic1	FALSE	TRUE	FALSE	TRUE
PCBP1	8	AZ300|TEMPUS|NGC_known|NGC_other|oncokb|msk_heme|foundation_one_heme|cosmic2	FALSE	FALSE	FALSE	FALSE
PCLO	2	NGC_other|foundation_one_heme	FALSE	FALSE	FALSE	FALSE
PCM1	3	NGC_known|foundation_one_heme|cosmic1	FALSE	TRUE	FALSE	FALSE
PDCD1	6	TS500|TEMPUS|oncokb|msk_impact|msk_heme|foundation_one_heme	FALSE	FALSE	FALSE	FALSE
PDCD1LG2	9	PMCC|TS500|TEMPUS|NGC_known|oncokb|msk_impact|foundation_one|foundation_one_heme|cosmic1	FALSE	TRUE	FALSE	TRUE
PDE4DIP	2	foundation_one_heme|cosmic1	FALSE	TRUE	FALSE	FALSE
PDGFB	5	PMCC|NGC_known|Cancermine|foundation_one_heme|cosmic1	FALSE	TRUE	FALSE	TRUE
PDGFRA	15	predispose|AZ300|PMCC|TS500|TEMPUS|NGC_known|NGC_other|Cancermine|oncokb|msk_impact|msk_heme|foundation_one|foundation_one_heme|vogelstein|cosmic1	TRUE	TRUE	FALSE	TRUE
PDGFRB	10	PMCC|TS500|TEMPUS|NGC_known|oncokb|msk_impact|msk_heme|foundation_one|foundation_one_heme|cosmic1	FALSE	TRUE	FALSE	TRUE
PDK1	5	PMCC|TS500|TEMPUS|foundation_one|foundation_one_heme	FALSE	FALSE	FALSE	FALSE
PDPK1	6	AZ300|TS500|TEMPUS|oncokb|msk_impact|msk_heme	FALSE	FALSE	FALSE	FALSE
PDS5B	2	oncokb|msk_heme	FALSE	FALSE	FALSE	FALSE
PER1	3	NGC_known|foundation_one_heme|cosmic1	FALSE	TRUE	TRUE	FALSE
PGR	4	PMCC|TS500|oncokb|msk_impact	FALSE	FALSE	FALSE	FALSE
PHF6	10	AZ300|TS500|TEMPUS|NGC_known|NGC_other|Cancermine|msk_heme|foundation_one_heme|vogelstein|cosmic1	FALSE	FALSE	TRUE	FALSE
PHOX2B	8	predispose|TS500|TEMPUS|familial_cancer|NGC_known|oncokb|msk_impact|cosmic1	TRUE	FALSE	TRUE	FALSE
PICALM	3	NGC_known|foundation_one_heme|cosmic1	FALSE	TRUE	FALSE	FALSE
PIGA	2	oncokb|msk_heme	FALSE	FALSE	FALSE	FALSE
PIK3C2B	5	AZ300|PMCC|TS500|TEMPUS|foundation_one	FALSE	FALSE	FALSE	FALSE
PIK3C2G	5	AZ300|TS500|oncokb|msk_impact|msk_heme	FALSE	FALSE	FALSE	FALSE
PIK3C3	5	AZ300|TS500|oncokb|msk_impact|msk_heme	FALSE	FALSE	FALSE	FALSE
PIK3CA	15	predispose|AZ300|PMCC|TS500|TEMPUS|NGC_known|NGC_other|Cancermine|oncokb|msk_impact|msk_heme|foundation_one|foundation_one_heme|vogelstein|cosmic1	TRUE	FALSE	FALSE	TRUE
PIK3CB	10	AZ300|PMCC|TS500|TEMPUS|NGC_known|NGC_other|oncokb|msk_impact|foundation_one|cosmic1	FALSE	FALSE	FALSE	TRUE
PIK3CD	6	AZ300|TS500|TEMPUS|NGC_other|oncokb|msk_impact	FALSE	FALSE	FALSE	FALSE
PIK3CG	10	AZ300|PMCC|TS500|TEMPUS|NGC_other|oncokb|msk_impact|msk_heme|foundation_one|foundation_one_heme	FALSE	FALSE	FALSE	FALSE
PIK3R1	13	AZ300|PMCC|TS500|TEMPUS|NGC_known|NGC_other|oncokb|msk_impact|msk_heme|foundation_one|foundation_one_heme|vogelstein|cosmic1	FALSE	FALSE	TRUE	FALSE
PIK3R2	9	AZ300|PMCC|TS500|TEMPUS|oncokb|msk_impact|msk_heme|foundation_one|foundation_one_heme	FALSE	FALSE	FALSE	FALSE
PIK3R3	3	TS500|oncokb|msk_impact	FALSE	FALSE	FALSE	FALSE
PIM1	11	AZ300|TS500|TEMPUS|NGC_known|NGC_other|Cancermine|oncokb|msk_impact|msk_heme|foundation_one_heme|cosmic1	FALSE	TRUE	FALSE	TRUE
PINK1	1	predispose	TRUE	FALSE	FALSE	FALSE
PLAG1	4	NGC_known|Cancermine|foundation_one_heme|cosmic1	FALSE	TRUE	FALSE	TRUE
PLCG1	5	NGC_known|NGC_other|oncokb|msk_heme|cosmic1	FALSE	TRUE	FALSE	TRUE
PLCG2	8	PMCC|TS500|TEMPUS|oncokb|msk_impact|msk_heme|foundation_one|foundation_one_heme	FALSE	FALSE	FALSE	FALSE
PLK2	3	TS500|oncokb|msk_impact	FALSE	FALSE	FALSE	FALSE
PMAIP1	3	TS500|oncokb|msk_impact	FALSE	FALSE	FALSE	FALSE
PML	5	TEMPUS|NGC_known|Cancermine|foundation_one_heme|cosmic1	FALSE	TRUE	TRUE	TRUE
PMS1	9	predispose|AZ300|TS500|TEMPUS|familial_cancer|NGC_known|oncokb|msk_impact|cosmic2	TRUE	FALSE	FALSE	FALSE
PMS2	12	predispose|AZ300|PMCC|TS500|TEMPUS|familial_cancer|NGC_known|oncokb|msk_impact|msk_heme|foundation_one|cosmic1	TRUE	FALSE	TRUE	FALSE
PNRC1	4	TS500|oncokb|msk_impact|msk_heme	FALSE	FALSE	FALSE	FALSE
POLD1	11	predispose|AZ300|PMCC|TS500|TEMPUS|familial_cancer|NGC_known|oncokb|msk_impact|foundation_one|cosmic1	TRUE	FALSE	TRUE	FALSE
POLE	12	predispose|AZ300|PMCC|TS500|TEMPUS|familial_cancer|NGC_known|NGC_other|oncokb|msk_impact|foundation_one|cosmic1	TRUE	FALSE	TRUE	FALSE
POLG	2	NGC_known|cosmic2	FALSE	FALSE	TRUE	FALSE
POLH	2	predispose|TEMPUS	TRUE	FALSE	FALSE	FALSE
POLQ	4	predispose|AZ300|NGC_known|cosmic1	TRUE	FALSE	FALSE	FALSE
POT1	8	predispose|TEMPUS|NGC_known|NGC_other|oncokb|msk_heme|foundation_one_heme|cosmic1	TRUE	FALSE	TRUE	FALSE
POU2AF1	3	NGC_known|foundation_one_heme|cosmic1	FALSE	TRUE	FALSE	TRUE
POU2F2	2	TEMPUS|NGC_other	FALSE	FALSE	FALSE	FALSE
POU5F1	2	NGC_known|cosmic1	FALSE	TRUE	FALSE	TRUE
PPARG	5	TS500|NGC_known|oncokb|msk_impact|cosmic1	FALSE	TRUE	TRUE	FALSE
PPFIBP1	2	NGC_known|cosmic1	FALSE	TRUE	FALSE	FALSE
PPM1D	7	predispose|TS500|NGC_known|NGC_other|oncokb|msk_impact|cosmic1	TRUE	FALSE	FALSE	TRUE
PPP2R1A	13	AZ300|PMCC|TS500|TEMPUS|NGC_known|NGC_other|oncokb|msk_impact|msk_heme|foundation_one|foundation_one_heme|vogelstein|cosmic1	FALSE	FALSE	TRUE	FALSE
PPP2R2A	3	AZ300|TS500|TEMPUS	FALSE	FALSE	FALSE	FALSE
PPP4R2	2	oncokb|msk_impact	FALSE	FALSE	FALSE	FALSE
PPP6C	8	PMCC|TS500|TEMPUS|NGC_known|NGC_other|oncokb|msk_impact|cosmic1	FALSE	FALSE	TRUE	FALSE
PRCC	3	TEMPUS|NGC_known|cosmic1	FALSE	TRUE	FALSE	FALSE
PRDM1	12	TS500|TEMPUS|NGC_known|NGC_other|Cancermine|oncokb|msk_impact|msk_heme|foundation_one|foundation_one_heme|vogelstein|cosmic1	FALSE	FALSE	TRUE	FALSE
PRDM14	2	oncokb|msk_impact	FALSE	FALSE	FALSE	FALSE
PRDM16	3	NGC_known|foundation_one_heme|cosmic1	FALSE	TRUE	FALSE	TRUE
PRDM2	3	NGC_known|NGC_other|cosmic2	FALSE	FALSE	TRUE	FALSE
PRDM9	2	predispose|NGC_other	TRUE	FALSE	FALSE	FALSE
PREX2	9	PMCC|TS500|TEMPUS|NGC_known|NGC_other|oncokb|msk_impact|foundation_one|cosmic1	FALSE	FALSE	FALSE	TRUE
PRF1	4	predispose|familial_cancer|NGC_known|cosmic1	TRUE	FALSE	TRUE	FALSE
PRKACA	2	NGC_known|cosmic1	FALSE	FALSE	FALSE	TRUE
PRKAR1A	13	predispose|PMCC|TS500|TEMPUS|familial_cancer|NGC_known|NGC_other|oncokb|msk_impact|msk_heme|foundation_one|foundation_one_heme|cosmic1	TRUE	TRUE	FALSE	FALSE
PRKCB	2	NGC_known|cosmic2	FALSE	FALSE	FALSE	FALSE
PRKCI	5	PMCC|TS500|oncokb|msk_impact|foundation_one	FALSE	FALSE	FALSE	FALSE
PRKD1	2	oncokb|msk_impact	FALSE	FALSE	FALSE	FALSE
PRKDC	4	PMCC|TS500|foundation_one|foundation_one_heme	FALSE	FALSE	FALSE	FALSE
PRKN	3	PMCC|TS500|TEMPUS	FALSE	FALSE	FALSE	FALSE
PRPF40B	2	NGC_known|cosmic2	FALSE	FALSE	FALSE	FALSE
PRRX1	3	NGC_known|foundation_one_heme|cosmic1	FALSE	TRUE	FALSE	FALSE
PRSS1	3	predispose|TEMPUS|oncokb	TRUE	FALSE	FALSE	FALSE
PRSS8	4	PMCC|TS500|foundation_one|foundation_one_heme	FALSE	FALSE	FALSE	FALSE
PSIP1	3	NGC_known|foundation_one_heme|cosmic1	FALSE	TRUE	FALSE	TRUE
PTCH1	16	predispose|AZ300|PMCC|TS500|TEMPUS|familial_cancer|NGC_known|NGC_other|Cancermine|oncokb|msk_impact|msk_heme|foundation_one|foundation_one_heme|vogelstein|cosmic1	TRUE	FALSE	TRUE	TRUE
PTEN	16	predispose|AZ300|PMCC|TS500|TEMPUS|familial_cancer|NGC_known|NGC_other|Cancermine|oncokb|msk_impact|msk_heme|foundation_one|foundation_one_heme|vogelstein|cosmic1	TRUE	FALSE	TRUE	TRUE
PTGS2	2	PMCC|Cancermine	FALSE	FALSE	FALSE	TRUE
PTK6	2	NGC_known|cosmic1	FALSE	FALSE	FALSE	FALSE
PTP4A1	2	oncokb|msk_impact	FALSE	FALSE	FALSE	FALSE
PTPN1	2	oncokb|msk_heme	FALSE	FALSE	FALSE	FALSE
PTPN11	15	predispose|AZ300|PMCC|TS500|TEMPUS|NGC_known|NGC_other|Cancermine|oncokb|msk_impact|msk_heme|foundation_one|foundation_one_heme|vogelstein|cosmic1	TRUE	FALSE	TRUE	TRUE
PTPN13	4	predispose|TEMPUS|NGC_known|cosmic1	TRUE	FALSE	TRUE	FALSE
PTPN2	3	oncokb|msk_heme|foundation_one_heme	FALSE	FALSE	FALSE	FALSE
PTPN6	5	AZ300|NGC_known|Cancermine|foundation_one_heme|cosmic2	FALSE	FALSE	TRUE	FALSE
PTPRB	2	NGC_known|cosmic1	FALSE	FALSE	TRUE	FALSE
PTPRC	3	NGC_known|NGC_other|cosmic1	FALSE	FALSE	TRUE	FALSE
PTPRD	8	TS500|TEMPUS|NGC_known|NGC_other|Cancermine|oncokb|msk_impact|cosmic2	FALSE	FALSE	TRUE	FALSE
PTPRK	2	NGC_known|cosmic1	FALSE	TRUE	TRUE	FALSE
PTPRO	2	Cancermine|foundation_one_heme	FALSE	FALSE	TRUE	FALSE
PTPRS	3	TS500|oncokb|msk_impact	FALSE	FALSE	FALSE	FALSE
PTPRT	5	TS500|NGC_known|oncokb|msk_impact|cosmic1	FALSE	FALSE	TRUE	FALSE
PWWP2A	2	NGC_known|cosmic2	FALSE	TRUE	FALSE	FALSE
QKI	8	PMCC|TS500|TEMPUS|NGC_known|NGC_other|Cancermine|foundation_one|cosmic1	FALSE	FALSE	TRUE	FALSE
RAB35	4	PMCC|TS500|oncokb|msk_impact	FALSE	FALSE	FALSE	FALSE
RABEP1	3	NGC_known|foundation_one_heme|cosmic1	FALSE	TRUE	FALSE	FALSE
RAC1	10	AZ300|PMCC|TS500|TEMPUS|NGC_known|NGC_other|oncokb|msk_impact|foundation_one|cosmic1	FALSE	FALSE	FALSE	TRUE
RAC2	2	oncokb|msk_impact	FALSE	FALSE	FALSE	FALSE
RAD17	2	NGC_known|cosmic2	FALSE	FALSE	TRUE	FALSE
RAD21	10	AZ300|TS500|TEMPUS|NGC_known|NGC_other|oncokb|msk_impact|msk_heme|foundation_one_heme|cosmic1	FALSE	FALSE	FALSE	FALSE
RAD50	10	predispose|PMCC|TS500|TEMPUS|familial_cancer|oncokb|msk_impact|msk_heme|foundation_one|foundation_one_heme	TRUE	FALSE	FALSE	FALSE
RAD51	9	predispose|PMCC|TS500|TEMPUS|oncokb|msk_impact|msk_heme|foundation_one|foundation_one_heme	TRUE	FALSE	FALSE	FALSE
RAD51B	9	predispose|AZ300|TS500|TEMPUS|NGC_known|oncokb|msk_impact|msk_heme|cosmic1	TRUE	TRUE	TRUE	FALSE
RAD51C	8	predispose|AZ300|TS500|TEMPUS|familial_cancer|oncokb|msk_impact|msk_heme	TRUE	FALSE	FALSE	FALSE
RAD51D	8	predispose|AZ300|TS500|TEMPUS|familial_cancer|oncokb|msk_impact|msk_heme	TRUE	FALSE	FALSE	FALSE
RAD52	4	TS500|oncokb|msk_impact|msk_heme	FALSE	FALSE	FALSE	FALSE
RAD54L	7	predispose|TS500|TEMPUS|familial_cancer|oncokb|msk_impact|msk_heme	TRUE	FALSE	FALSE	FALSE
RAF1	14	predispose|AZ300|PMCC|TS500|TEMPUS|NGC_known|NGC_other|Cancermine|oncokb|msk_impact|msk_heme|foundation_one|foundation_one_heme|cosmic1	TRUE	TRUE	FALSE	TRUE
RALGDS	3	NGC_known|foundation_one_heme|cosmic2	FALSE	TRUE	FALSE	FALSE
RANBP2	6	PMCC|TS500|TEMPUS|NGC_known|foundation_one|cosmic1	FALSE	TRUE	TRUE	FALSE
RAP1GDS1	3	NGC_known|foundation_one_heme|cosmic1	FALSE	TRUE	FALSE	TRUE
RARA	10	PMCC|TS500|TEMPUS|NGC_known|oncokb|msk_impact|msk_heme|foundation_one|foundation_one_heme|cosmic1	FALSE	TRUE	FALSE	TRUE
RASA1	6	AZ300|TS500|TEMPUS|NGC_other|oncokb|msk_impact	FALSE	FALSE	FALSE	FALSE
RB1	16	predispose|AZ300|PMCC|TS500|TEMPUS|familial_cancer|NGC_known|NGC_other|Cancermine|oncokb|msk_impact|msk_heme|foundation_one|foundation_one_heme|vogelstein|cosmic1	TRUE	FALSE	TRUE	FALSE
RBM10	10	AZ300|PMCC|TS500|TEMPUS|NGC_known|NGC_other|oncokb|msk_impact|foundation_one|cosmic1	FALSE	FALSE	TRUE	FALSE
RBM15	3	NGC_known|foundation_one_heme|cosmic1	FALSE	TRUE	FALSE	FALSE
RCC2	1	predispose	TRUE	FALSE	FALSE	FALSE
RECQL	3	predispose|oncokb|msk_impact	TRUE	FALSE	FALSE	FALSE
RECQL4	8	predispose|TS500|TEMPUS|familial_cancer|NGC_known|oncokb|msk_impact|cosmic1	TRUE	FALSE	FALSE	FALSE
REL	7	TS500|NGC_known|Cancermine|oncokb|msk_impact|msk_heme|cosmic1	FALSE	FALSE	FALSE	TRUE
RELN	2	AZ300|foundation_one_heme	FALSE	FALSE	FALSE	FALSE
RET	16	predispose|AZ300|PMCC|TS500|TEMPUS|familial_cancer|NGC_known|NGC_other|Cancermine|oncokb|msk_impact|msk_heme|foundation_one|foundation_one_heme|vogelstein|cosmic1	TRUE	TRUE	TRUE	TRUE
RFWD2	2	oncokb|msk_impact	FALSE	FALSE	FALSE	FALSE
RFWD3	3	predispose|NGC_known|cosmic2	TRUE	FALSE	TRUE	FALSE
RGPD3	2	NGC_known|cosmic2	FALSE	FALSE	FALSE	FALSE
RGS7	2	NGC_known|cosmic2	FALSE	FALSE	FALSE	FALSE
RHBDF2	2	predispose|familial_cancer	TRUE	FALSE	FALSE	FALSE
RHEB	6	AZ300|PMCC|TS500|NGC_other|oncokb|msk_impact	FALSE	FALSE	FALSE	FALSE
RHNO1	2	predispose|familial_cancer	TRUE	FALSE	FALSE	FALSE
RHOA	10	AZ300|TS500|TEMPUS|NGC_known|NGC_other|oncokb|msk_impact|msk_heme|foundation_one_heme|cosmic1	FALSE	FALSE	FALSE	FALSE
RHOH	3	NGC_known|foundation_one_heme|cosmic1	FALSE	TRUE	TRUE	FALSE
RICTOR	9	AZ300|PMCC|TS500|TEMPUS|oncokb|msk_impact|msk_heme|foundation_one|foundation_one_heme	FALSE	FALSE	FALSE	FALSE
RING1	1	predispose	TRUE	FALSE	FALSE	FALSE
RINT1	2	predispose|TEMPUS	TRUE	FALSE	FALSE	FALSE
RIT1	6	AZ300|TS500|TEMPUS|NGC_other|oncokb|msk_impact	FALSE	FALSE	FALSE	FALSE
RMI2	2	NGC_known|cosmic1	FALSE	TRUE	TRUE	FALSE
RMRP	1	predispose	TRUE	FALSE	FALSE	FALSE
RNF213	3	NGC_known|foundation_one_heme|cosmic1	FALSE	TRUE	FALSE	FALSE
RNF43	12	PMCC|TS500|TEMPUS|NGC_known|NGC_other|oncokb|msk_impact|msk_heme|foundation_one|foundation_one_heme|vogelstein|cosmic1	FALSE	FALSE	TRUE	FALSE
ROBO1	2	oncokb|msk_heme	FALSE	FALSE	FALSE	FALSE
ROBO2	2	NGC_known|cosmic2	FALSE	FALSE	TRUE	FALSE
ROS1	13	AZ300|PMCC|TS500|TEMPUS|NGC_known|NGC_other|Cancermine|oncokb|msk_impact|msk_heme|foundation_one|foundation_one_heme|cosmic1	FALSE	TRUE	FALSE	TRUE
RPL10	3	NGC_known|NGC_other|cosmic1	FALSE	FALSE	TRUE	FALSE
RPL22	5	AZ300|NGC_known|NGC_other|foundation_one_heme|cosmic1	FALSE	TRUE	TRUE	FALSE
RPL5	5	AZ300|TEMPUS|NGC_known|NGC_other|cosmic1	FALSE	FALSE	TRUE	FALSE
RPN1	3	NGC_known|foundation_one_heme|cosmic1	FALSE	TRUE	FALSE	FALSE
RPS15	2	TEMPUS|NGC_other	FALSE	FALSE	FALSE	FALSE
RPS6KA4	3	TS500|oncokb|msk_impact	FALSE	FALSE	FALSE	FALSE
RPS6KB1	3	AZ300|TS500|TEMPUS	FALSE	FALSE	FALSE	FALSE
RPS6KB2	4	AZ300|TS500|oncokb|msk_impact	FALSE	FALSE	FALSE	FALSE
RPTOR	9	AZ300|PMCC|TS500|TEMPUS|oncokb|msk_impact|msk_heme|foundation_one|foundation_one_heme	FALSE	FALSE	FALSE	FALSE
RRAGC	3	oncokb|msk_impact|msk_heme	FALSE	FALSE	FALSE	FALSE
RRAS	2	oncokb|msk_impact	FALSE	FALSE	FALSE	FALSE
RRAS2	3	NGC_other|oncokb|msk_impact	FALSE	FALSE	FALSE	FALSE
RSPO2	3	PMCC|NGC_known|cosmic1	FALSE	TRUE	TRUE	FALSE
RSPO3	3	PMCC|NGC_known|cosmic1	FALSE	TRUE	FALSE	TRUE
RTEL1	5	predispose|familial_cancer|oncokb|msk_impact|msk_heme	TRUE	FALSE	FALSE	FALSE
RUNX1	16	predispose|AZ300|PMCC|TS500|TEMPUS|familial_cancer|NGC_known|NGC_other|Cancermine|oncokb|msk_impact|msk_heme|foundation_one|foundation_one_heme|vogelstein|cosmic1	TRUE	TRUE	TRUE	TRUE
RUNX1T1	9	PMCC|TS500|TEMPUS|NGC_known|oncokb|msk_heme|foundation_one|foundation_one_heme|cosmic1	FALSE	TRUE	FALSE	FALSE
RXRA	4	TEMPUS|NGC_other|oncokb|msk_impact	FALSE	FALSE	FALSE	FALSE
RYBP	3	TS500|oncokb|msk_impact	FALSE	FALSE	FALSE	FALSE
S100A7	2	NGC_known|cosmic2	FALSE	TRUE	FALSE	FALSE
SALL4	3	NGC_known|Cancermine|cosmic1	FALSE	FALSE	FALSE	TRUE
SAMHD1	2	oncokb|msk_heme	FALSE	FALSE	FALSE	FALSE
SBDS	4	predispose|familial_cancer|NGC_known|cosmic1	TRUE	FALSE	TRUE	FALSE
SCG5	3	predispose|TEMPUS|familial_cancer	TRUE	FALSE	FALSE	FALSE
SDC4	2	NGC_known|cosmic1	FALSE	TRUE	FALSE	FALSE
SDHA	12	predispose|PMCC|TS500|TEMPUS|familial_cancer|NGC_known|oncokb|msk_impact|msk_heme|foundation_one|foundation_one_heme|cosmic1	TRUE	FALSE	TRUE	FALSE
SDHAF2	8	predispose|TS500|TEMPUS|familial_cancer|NGC_known|oncokb|msk_impact|cosmic1	TRUE	FALSE	TRUE	FALSE
SDHB	12	predispose|PMCC|TS500|TEMPUS|familial_cancer|NGC_known|oncokb|msk_impact|msk_heme|foundation_one|foundation_one_heme|cosmic1	TRUE	FALSE	TRUE	FALSE
SDHC	12	predispose|PMCC|TS500|TEMPUS|familial_cancer|NGC_known|oncokb|msk_impact|msk_heme|foundation_one|foundation_one_heme|cosmic1	TRUE	FALSE	TRUE	FALSE
SDHD	12	predispose|PMCC|TS500|TEMPUS|familial_cancer|NGC_known|oncokb|msk_impact|msk_heme|foundation_one|foundation_one_heme|cosmic1	TRUE	FALSE	TRUE	FALSE
SEPT5	3	NGC_known|foundation_one_heme|cosmic2	FALSE	TRUE	FALSE	FALSE
SEPT6	3	NGC_known|foundation_one_heme|cosmic2	FALSE	TRUE	FALSE	FALSE
SEPT9	3	NGC_known|foundation_one_heme|cosmic2	FALSE	TRUE	FALSE	FALSE
SERPINA1	1	predispose	TRUE	FALSE	FALSE	FALSE
SESN1	2	oncokb|msk_impact	FALSE	FALSE	FALSE	FALSE
SESN2	2	oncokb|msk_impact	FALSE	FALSE	FALSE	FALSE
SESN3	2	oncokb|msk_impact	FALSE	FALSE	FALSE	FALSE
SET	3	NGC_known|foundation_one_heme|cosmic1	FALSE	TRUE	FALSE	TRUE
SETBP1	10	predispose|AZ300|TS500|TEMPUS|NGC_known|NGC_other|msk_heme|foundation_one_heme|vogelstein|cosmic1	TRUE	TRUE	FALSE	TRUE
SETD1A	2	oncokb|msk_heme	FALSE	FALSE	FALSE	FALSE
SETD1B	4	NGC_known|oncokb|msk_heme|cosmic2	FALSE	FALSE	TRUE	FALSE
SETD2	14	AZ300|PMCC|TS500|TEMPUS|NGC_known|NGC_other|Cancermine|oncokb|msk_impact|msk_heme|foundation_one|foundation_one_heme|vogelstein|cosmic1	FALSE	FALSE	TRUE	FALSE
SETD3	2	oncokb|msk_heme	FALSE	FALSE	FALSE	FALSE
SETD4	2	oncokb|msk_heme	FALSE	FALSE	FALSE	FALSE
SETD5	2	oncokb|msk_heme	FALSE	FALSE	FALSE	FALSE
SETD6	2	oncokb|msk_heme	FALSE	FALSE	FALSE	FALSE
SETD7	2	oncokb|msk_heme	FALSE	FALSE	FALSE	FALSE
SETDB1	5	NGC_other|Cancermine|oncokb|msk_heme|cosmic2	FALSE	FALSE	FALSE	TRUE
SETDB2	2	oncokb|msk_heme	FALSE	FALSE	FALSE	FALSE
SF3B1	13	AZ300|PMCC|TS500|TEMPUS|NGC_known|NGC_other|oncokb|msk_impact|msk_heme|foundation_one|foundation_one_heme|vogelstein|cosmic1	FALSE	FALSE	FALSE	TRUE
SFPQ	2	NGC_known|cosmic1	FALSE	TRUE	TRUE	FALSE
SFRP4	2	NGC_known|cosmic1	FALSE	FALSE	TRUE	FALSE
SGK1	8	AZ300|TEMPUS|NGC_known|NGC_other|oncokb|msk_heme|foundation_one_heme|cosmic2	FALSE	FALSE	FALSE	TRUE
SH2B3	9	predispose|TS500|TEMPUS|NGC_known|NGC_other|oncokb|msk_impact|msk_heme|cosmic1	TRUE	FALSE	TRUE	FALSE
SH2D1A	4	predispose|TS500|oncokb|msk_impact	TRUE	FALSE	FALSE	FALSE
SH3GL1	3	NGC_known|foundation_one_heme|cosmic1	FALSE	TRUE	FALSE	TRUE
SHH	2	PMCC|Cancermine	FALSE	FALSE	FALSE	TRUE
SHOC2	4	predispose|AZ300|oncokb|msk_impact	TRUE	FALSE	FALSE	FALSE
SHQ1	3	TS500|oncokb|msk_impact	FALSE	FALSE	FALSE	FALSE
SHTN1	1	NGC_known	FALSE	TRUE	FALSE	FALSE
SIN3A	2	AZ300|NGC_other	FALSE	FALSE	FALSE	FALSE
SIRPA	2	NGC_known|cosmic2	FALSE	FALSE	TRUE	FALSE
SIX1	2	NGC_known|cosmic1	FALSE	FALSE	FALSE	TRUE
SIX2	2	NGC_known|cosmic2	FALSE	FALSE	FALSE	TRUE
SKI	2	NGC_known|cosmic2	FALSE	FALSE	FALSE	TRUE
SLC25A13	1	predispose	TRUE	FALSE	FALSE	FALSE
SLC34A2	2	NGC_known|cosmic1	FALSE	TRUE	TRUE	FALSE
SLC45A3	2	NGC_known|cosmic1	FALSE	TRUE	FALSE	FALSE
SLIT2	4	PMCC|TS500|TEMPUS|foundation_one	FALSE	FALSE	FALSE	FALSE
SLX4	6	predispose|TS500|TEMPUS|familial_cancer|oncokb|msk_impact	TRUE	FALSE	FALSE	FALSE
SMAD2	13	AZ300|PMCC|TS500|TEMPUS|NGC_known|NGC_other|oncokb|msk_impact|msk_heme|foundation_one|foundation_one_heme|vogelstein|cosmic1	FALSE	FALSE	TRUE	FALSE
SMAD3	8	PMCC|TS500|TEMPUS|NGC_known|oncokb|msk_impact|foundation_one|cosmic1	FALSE	FALSE	TRUE	FALSE
SMAD4	16	predispose|AZ300|PMCC|TS500|TEMPUS|familial_cancer|NGC_known|NGC_other|Cancermine|oncokb|msk_impact|msk_heme|foundation_one|foundation_one_heme|vogelstein|cosmic1	TRUE	FALSE	TRUE	TRUE
SMARCA1	2	TEMPUS|foundation_one_heme	FALSE	FALSE	FALSE	FALSE
SMARCA4	14	predispose|AZ300|PMCC|TS500|TEMPUS|NGC_known|NGC_other|oncokb|msk_impact|msk_heme|foundation_one|foundation_one_heme|vogelstein|cosmic1	TRUE	FALSE	TRUE	FALSE
SMARCB1	16	predispose|AZ300|PMCC|TS500|TEMPUS|familial_cancer|NGC_known|NGC_other|Cancermine|oncokb|msk_impact|msk_heme|foundation_one|foundation_one_heme|vogelstein|cosmic1	TRUE	FALSE	TRUE	TRUE
SMARCD1	6	TS500|NGC_known|oncokb|msk_impact|msk_heme|cosmic1	FALSE	FALSE	TRUE	FALSE
SMARCE1	4	predispose|TEMPUS|NGC_known|cosmic1	TRUE	FALSE	TRUE	FALSE
SMC1A	9	AZ300|TS500|TEMPUS|NGC_known|NGC_other|oncokb|msk_heme|foundation_one_heme|cosmic2	FALSE	FALSE	TRUE	FALSE
SMC3	7	AZ300|TS500|TEMPUS|NGC_other|oncokb|msk_heme|foundation_one_heme	FALSE	FALSE	FALSE	FALSE
SMG1	2	oncokb|msk_heme	FALSE	FALSE	FALSE	FALSE
SMO	13	AZ300|PMCC|TS500|TEMPUS|NGC_known|NGC_other|oncokb|msk_impact|msk_heme|foundation_one|foundation_one_heme|vogelstein|cosmic1	FALSE	FALSE	FALSE	TRUE
SMYD3	2	oncokb|msk_impact	FALSE	FALSE	FALSE	FALSE
SNCAIP	3	PMCC|TS500|foundation_one	FALSE	FALSE	FALSE	FALSE
SND1	2	NGC_known|cosmic1	FALSE	TRUE	FALSE	TRUE
SNX29	2	NGC_known|foundation_one_heme	FALSE	TRUE	FALSE	FALSE
SOCS1	13	PMCC|TS500|TEMPUS|NGC_known|NGC_other|Cancermine|oncokb|msk_impact|msk_heme|foundation_one|foundation_one_heme|vogelstein|cosmic1	FALSE	FALSE	TRUE	TRUE
SOS1	5	predispose|AZ300|NGC_other|oncokb|msk_impact	TRUE	FALSE	FALSE	FALSE
SOX10	5	PMCC|TS500|TEMPUS|foundation_one|foundation_one_heme	FALSE	FALSE	FALSE	FALSE
SOX17	5	AZ300|TS500|NGC_other|oncokb|msk_impact	FALSE	FALSE	FALSE	FALSE
SOX2	12	AZ300|PMCC|TS500|TEMPUS|NGC_known|Cancermine|oncokb|msk_impact|msk_heme|foundation_one|foundation_one_heme|cosmic1	FALSE	FALSE	FALSE	TRUE
SOX21	2	NGC_known|cosmic2	FALSE	FALSE	TRUE	FALSE
SOX9	11	AZ300|PMCC|TS500|TEMPUS|NGC_known|NGC_other|Cancermine|oncokb|msk_impact|foundation_one|vogelstein	FALSE	FALSE	TRUE	TRUE
SP140	2	oncokb|msk_heme	FALSE	FALSE	FALSE	FALSE
SPARC	2	PMCC|Cancermine	FALSE	FALSE	TRUE	FALSE
SPECC1	2	NGC_known|cosmic2	FALSE	TRUE	FALSE	FALSE
SPEN	10	PMCC|TS500|TEMPUS|NGC_known|oncokb|msk_impact|msk_heme|foundation_one|foundation_one_heme|cosmic1	FALSE	FALSE	TRUE	FALSE
SPINK1	2	predispose|TEMPUS	TRUE	FALSE	FALSE	FALSE
SPOP	15	predispose|AZ300|PMCC|TS500|TEMPUS|NGC_known|NGC_other|Cancermine|oncokb|msk_impact|msk_heme|foundation_one|foundation_one_heme|vogelstein|cosmic1	TRUE	FALSE	TRUE	FALSE
SPRED1	5	predispose|AZ300|TEMPUS|oncokb|msk_impact	TRUE	FALSE	FALSE	FALSE
SPRTN	1	predispose	TRUE	FALSE	FALSE	FALSE
SPTA1	4	PMCC|TS500|NGC_other|foundation_one	FALSE	FALSE	FALSE	FALSE
SRC	11	PMCC|TS500|TEMPUS|NGC_known|Cancermine|oncokb|msk_impact|msk_heme|foundation_one|foundation_one_heme|cosmic1	FALSE	FALSE	FALSE	TRUE
SRGAP3	2	NGC_known|cosmic2	FALSE	TRUE	FALSE	FALSE
SRSF2	10	TS500|TEMPUS|NGC_known|NGC_other|oncokb|msk_impact|msk_heme|foundation_one_heme|vogelstein|cosmic1	FALSE	FALSE	FALSE	TRUE
SRSF3	3	NGC_known|foundation_one_heme|cosmic1	FALSE	TRUE	FALSE	TRUE
SRY	2	predispose|AZ300	TRUE	FALSE	FALSE	FALSE
SS18	3	NGC_known|foundation_one_heme|cosmic1	FALSE	TRUE	FALSE	FALSE
SS18L1	2	NGC_known|cosmic1	FALSE	TRUE	FALSE	FALSE
SSX1	3	NGC_known|foundation_one_heme|cosmic1	FALSE	TRUE	FALSE	TRUE
SSX2	3	NGC_known|foundation_one_heme|cosmic1	FALSE	TRUE	FALSE	TRUE
SSX4	3	NGC_known|foundation_one_heme|cosmic1	FALSE	TRUE	FALSE	TRUE
STAG1	5	TS500|NGC_known|oncokb|msk_heme|cosmic2	FALSE	FALSE	TRUE	FALSE
STAG2	13	AZ300|PMCC|TS500|TEMPUS|NGC_known|NGC_other|oncokb|msk_impact|msk_heme|foundation_one|foundation_one_heme|vogelstein|cosmic1	FALSE	FALSE	TRUE	FALSE
STAT3	14	predispose|AZ300|PMCC|TS500|TEMPUS|NGC_known|NGC_other|Cancermine|oncokb|msk_impact|msk_heme|foundation_one|foundation_one_heme|cosmic1	TRUE	FALSE	TRUE	TRUE
STAT4	5	PMCC|TS500|TEMPUS|foundation_one|foundation_one_heme	FALSE	FALSE	FALSE	FALSE
STAT5A	6	TS500|TEMPUS|oncokb|msk_impact|msk_heme|foundation_one_heme	FALSE	FALSE	FALSE	FALSE
STAT5B	9	TS500|TEMPUS|NGC_known|NGC_other|oncokb|msk_impact|msk_heme|foundation_one_heme|cosmic1	FALSE	TRUE	FALSE	FALSE
STAT6	7	TEMPUS|NGC_known|NGC_other|oncokb|msk_heme|foundation_one_heme|cosmic1	FALSE	TRUE	FALSE	TRUE
STIL	2	NGC_known|cosmic1	FALSE	TRUE	FALSE	TRUE
STK11	16	predispose|AZ300|PMCC|TS500|TEMPUS|familial_cancer|NGC_known|NGC_other|Cancermine|oncokb|msk_impact|msk_heme|foundation_one|foundation_one_heme|vogelstein|cosmic1	TRUE	FALSE	TRUE	FALSE
STK19	4	PMCC|NGC_other|oncokb|msk_impact	FALSE	FALSE	FALSE	FALSE
STK40	3	TS500|oncokb|msk_impact	FALSE	FALSE	FALSE	FALSE
STRN	2	NGC_known|cosmic1	FALSE	TRUE	FALSE	FALSE
SUFU	12	predispose|PMCC|TS500|TEMPUS|familial_cancer|NGC_known|oncokb|msk_impact|msk_heme|foundation_one|foundation_one_heme|cosmic1	TRUE	FALSE	TRUE	FALSE
SUZ12	9	TS500|TEMPUS|NGC_known|NGC_other|oncokb|msk_impact|msk_heme|foundation_one_heme|cosmic1	FALSE	TRUE	FALSE	FALSE
SYK	12	PMCC|TS500|TEMPUS|NGC_known|NGC_other|Cancermine|oncokb|msk_impact|msk_heme|foundation_one|foundation_one_heme|cosmic1	FALSE	TRUE	TRUE	TRUE
TAF1	7	AZ300|PMCC|TS500|TEMPUS|NGC_other|foundation_one|foundation_one_heme	FALSE	FALSE	FALSE	FALSE
TAF15	3	NGC_known|foundation_one_heme|cosmic1	FALSE	TRUE	FALSE	TRUE
TAL1	4	NGC_known|Cancermine|foundation_one_heme|cosmic1	FALSE	TRUE	FALSE	TRUE
TAL2	3	NGC_known|foundation_one_heme|cosmic1	FALSE	TRUE	FALSE	TRUE
TAP1	3	TEMPUS|oncokb|msk_impact	FALSE	FALSE	FALSE	FALSE
TAP2	3	TEMPUS|oncokb|msk_impact	FALSE	FALSE	FALSE	FALSE
TBL1XR1	8	AZ300|TEMPUS|NGC_known|NGC_other|oncokb|msk_heme|foundation_one_heme|cosmic1	FALSE	TRUE	FALSE	FALSE
TBX3	11	AZ300|PMCC|TS500|TEMPUS|NGC_known|NGC_other|oncokb|msk_impact|msk_heme|foundation_one|cosmic1	FALSE	FALSE	FALSE	FALSE
TCEA1	2	NGC_known|cosmic1	FALSE	TRUE	FALSE	FALSE
TCEB1	2	oncokb|msk_impact	FALSE	FALSE	FALSE	FALSE
TCF12	3	NGC_known|NGC_other|cosmic1	FALSE	TRUE	FALSE	FALSE
TCF3	8	TS500|TEMPUS|NGC_known|Cancermine|oncokb|msk_impact|foundation_one_heme|cosmic1	FALSE	TRUE	TRUE	TRUE
TCF7L2	7	TS500|TEMPUS|NGC_known|NGC_other|oncokb|msk_impact|cosmic1	FALSE	TRUE	FALSE	TRUE
TCL1A	5	TEMPUS|NGC_known|Cancermine|foundation_one_heme|cosmic1	FALSE	TRUE	FALSE	TRUE
TEC	3	NGC_known|foundation_one_heme|cosmic2	FALSE	TRUE	FALSE	TRUE
TEK	2	oncokb|msk_impact	FALSE	FALSE	FALSE	FALSE
TENT5C	3	PMCC|TS500|TEMPUS	FALSE	FALSE	FALSE	FALSE
TERC	3	PMCC|TS500|foundation_one	FALSE	FALSE	FALSE	FALSE
TERF2IP	1	predispose	TRUE	FALSE	FALSE	FALSE
TERT	13	predispose|AZ300|PMCC|TS500|familial_cancer|NGC_known|NGC_other|Cancermine|oncokb|msk_impact|msk_heme|foundation_one|cosmic1	TRUE	FALSE	FALSE	TRUE
TET1	9	TS500|NGC_known|NGC_other|Cancermine|oncokb|msk_impact|msk_heme|foundation_one_heme|cosmic1	FALSE	TRUE	TRUE	TRUE
TET2	14	AZ300|PMCC|TS500|TEMPUS|NGC_known|NGC_other|Cancermine|oncokb|msk_impact|msk_heme|foundation_one|foundation_one_heme|vogelstein|cosmic1	FALSE	FALSE	TRUE	FALSE
TET3	2	oncokb|msk_heme	FALSE	FALSE	FALSE	FALSE
TFE3	4	TS500|NGC_known|foundation_one_heme|cosmic1	FALSE	TRUE	FALSE	TRUE
TFEB	2	NGC_known|cosmic1	FALSE	TRUE	FALSE	TRUE
TFG	3	NGC_known|foundation_one_heme|cosmic1	FALSE	TRUE	FALSE	FALSE
TFPT	3	NGC_known|foundation_one_heme|cosmic2	FALSE	TRUE	FALSE	FALSE
TFRC	5	AZ300|TS500|NGC_known|foundation_one_heme|cosmic2	FALSE	TRUE	FALSE	FALSE
TGFBR1	5	predispose|TS500|NGC_other|oncokb|msk_impact	TRUE	FALSE	FALSE	FALSE
TGFBR2	13	predispose|AZ300|PMCC|TS500|TEMPUS|NGC_known|NGC_other|oncokb|msk_impact|msk_heme|foundation_one|foundation_one_heme|cosmic1	TRUE	FALSE	TRUE	FALSE
THRAP3	2	NGC_known|cosmic2	FALSE	TRUE	FALSE	FALSE
TLR4	2	AZ300|NGC_other	FALSE	FALSE	FALSE	FALSE
TLX1	4	NGC_known|Cancermine|foundation_one_heme|cosmic1	FALSE	TRUE	FALSE	TRUE
TLX3	3	NGC_known|foundation_one_heme|cosmic1	FALSE	TRUE	FALSE	TRUE
TMEM127	8	predispose|TS500|TEMPUS|familial_cancer|NGC_known|oncokb|msk_impact|cosmic1	TRUE	FALSE	TRUE	FALSE
TMPRSS2	9	PMCC|TS500|TEMPUS|NGC_known|oncokb|msk_impact|foundation_one|foundation_one_heme|cosmic1	FALSE	TRUE	FALSE	FALSE
TNC	2	NGC_known|cosmic2	FALSE	FALSE	FALSE	TRUE
TNFAIP3	12	TS500|TEMPUS|NGC_known|NGC_other|Cancermine|oncokb|msk_impact|msk_heme|foundation_one|foundation_one_heme|vogelstein|cosmic1	FALSE	FALSE	TRUE	FALSE
TNFRSF14	11	PMCC|TS500|TEMPUS|NGC_known|NGC_other|oncokb|msk_impact|msk_heme|foundation_one|foundation_one_heme|cosmic1	FALSE	FALSE	TRUE	FALSE
TNFRSF17	4	TEMPUS|NGC_known|foundation_one_heme|cosmic1	FALSE	TRUE	FALSE	TRUE
TNFRSF6	1	predispose	TRUE	FALSE	FALSE	FALSE
TOP1	10	PMCC|TS500|TEMPUS|NGC_known|oncokb|msk_impact|msk_heme|foundation_one|foundation_one_heme|cosmic1	FALSE	TRUE	FALSE	FALSE
TOP2A	5	AZ300|PMCC|TS500|TEMPUS|foundation_one	FALSE	FALSE	FALSE	FALSE
TP53	16	predispose|AZ300|PMCC|TS500|TEMPUS|familial_cancer|NGC_known|NGC_other|Cancermine|oncokb|msk_impact|msk_heme|foundation_one|foundation_one_heme|vogelstein|cosmic1	TRUE	TRUE	TRUE	TRUE
TP53BP1	2	oncokb|msk_impact	FALSE	FALSE	FALSE	FALSE
TP63	11	predispose|TS500|TEMPUS|NGC_known|NGC_other|Cancermine|oncokb|msk_impact|msk_heme|foundation_one_heme|cosmic1	TRUE	FALSE	FALSE	TRUE
TPM3	3	NGC_known|foundation_one_heme|cosmic1	FALSE	TRUE	TRUE	FALSE
TPM4	3	NGC_known|foundation_one_heme|cosmic1	FALSE	TRUE	FALSE	FALSE
TPMT	2	PMCC|TEMPUS	FALSE	FALSE	FALSE	FALSE
TPR	2	NGC_known|cosmic1	FALSE	TRUE	FALSE	FALSE
TRA	1	cosmic1	FALSE	TRUE	FALSE	FALSE
TRAF2	5	TS500|oncokb|msk_impact|msk_heme|foundation_one_heme	FALSE	FALSE	FALSE	FALSE
TRAF3	5	TEMPUS|NGC_other|oncokb|msk_heme|foundation_one_heme	FALSE	FALSE	FALSE	FALSE
TRAF5	3	oncokb|msk_heme|foundation_one_heme	FALSE	FALSE	FALSE	FALSE
TRAF7	6	TS500|NGC_known|oncokb|msk_impact|vogelstein|cosmic1	FALSE	FALSE	TRUE	FALSE
TRB	1	cosmic1	FALSE	TRUE	FALSE	FALSE
TRD	1	cosmic1	FALSE	TRUE	FALSE	FALSE
TRIM24	4	NGC_known|Cancermine|foundation_one_heme|cosmic1	FALSE	TRUE	FALSE	TRUE
TRIM27	2	NGC_known|cosmic1	FALSE	TRUE	FALSE	TRUE
TRIM33	2	NGC_known|cosmic1	FALSE	TRUE	TRUE	FALSE
TRIM37	1	predispose	TRUE	FALSE	FALSE	FALSE
TRIP11	3	NGC_known|foundation_one_heme|cosmic1	FALSE	TRUE	FALSE	FALSE
TRRAP	2	NGC_known|cosmic1	FALSE	FALSE	FALSE	TRUE
TSC1	15	predispose|AZ300|PMCC|TS500|TEMPUS|familial_cancer|NGC_known|NGC_other|oncokb|msk_impact|msk_heme|foundation_one|foundation_one_heme|vogelstein|cosmic1	TRUE	FALSE	TRUE	FALSE
TSC2	14	predispose|AZ300|PMCC|TS500|TEMPUS|familial_cancer|NGC_known|NGC_other|oncokb|msk_impact|msk_heme|foundation_one|foundation_one_heme|cosmic1	TRUE	FALSE	TRUE	FALSE
TSHR	13	predispose|PMCC|TS500|TEMPUS|familial_cancer|NGC_known|oncokb|msk_impact|msk_heme|foundation_one|foundation_one_heme|vogelstein|cosmic1	TRUE	FALSE	FALSE	TRUE
TUSC3	3	TEMPUS|Cancermine|foundation_one_heme	FALSE	FALSE	TRUE	TRUE
TYK2	3	oncokb|msk_heme|foundation_one_heme	FALSE	FALSE	FALSE	FALSE
TYMS	2	PMCC|TEMPUS	FALSE	FALSE	FALSE	FALSE
U2AF1	13	AZ300|PMCC|TS500|TEMPUS|NGC_known|NGC_other|oncokb|msk_impact|msk_heme|foundation_one|foundation_one_heme|vogelstein|cosmic1	FALSE	FALSE	FALSE	TRUE
U2AF2	3	oncokb|msk_heme|foundation_one_heme	FALSE	FALSE	FALSE	FALSE
UBR5	4	NGC_known|oncokb|msk_heme|cosmic1	FALSE	FALSE	TRUE	FALSE
UGT1A1	2	PMCC|TEMPUS	FALSE	FALSE	FALSE	FALSE
UPF1	2	oncokb|msk_impact	FALSE	FALSE	FALSE	FALSE
UROD	1	predispose	TRUE	FALSE	FALSE	FALSE
USP44	2	NGC_known|cosmic2	FALSE	FALSE	TRUE	FALSE
USP6	3	NGC_known|foundation_one_heme|cosmic1	FALSE	TRUE	FALSE	TRUE
USP8	2	NGC_known|cosmic1	FALSE	FALSE	FALSE	TRUE
USP9X	3	AZ300|NGC_other|Cancermine	FALSE	FALSE	TRUE	FALSE
VAV1	4	NGC_known|oncokb|msk_heme|cosmic2	FALSE	TRUE	FALSE	FALSE
VAV2	2	oncokb|msk_heme	FALSE	FALSE	FALSE	FALSE
VEGFA	7	PMCC|TS500|TEMPUS|Cancermine|oncokb|msk_impact|foundation_one	FALSE	FALSE	FALSE	TRUE
VHL	16	predispose|AZ300|PMCC|TS500|TEMPUS|familial_cancer|NGC_known|NGC_other|Cancermine|oncokb|msk_impact|msk_heme|foundation_one|foundation_one_heme|vogelstein|cosmic1	TRUE	FALSE	TRUE	TRUE
VTCN1	3	TS500|oncokb|msk_impact	FALSE	FALSE	FALSE	FALSE
VTI1A	2	NGC_known|cosmic2	FALSE	TRUE	FALSE	FALSE
WAS	4	predispose|familial_cancer|NGC_known|cosmic1	TRUE	FALSE	FALSE	TRUE
WDCP	1	NGC_known	FALSE	TRUE	FALSE	FALSE
WEE1	2	AZ300|TEMPUS	FALSE	FALSE	FALSE	FALSE
WHSC1	5	oncokb|msk_impact|msk_heme|foundation_one_heme|cosmic1	FALSE	FALSE	FALSE	FALSE
WHSC1L1	4	oncokb|msk_impact|foundation_one_heme|cosmic1	FALSE	FALSE	FALSE	FALSE
WIF1	2	NGC_known|cosmic1	FALSE	TRUE	TRUE	FALSE
WISP3	3	PMCC|foundation_one|foundation_one_heme	FALSE	FALSE	FALSE	FALSE
WNK2	2	NGC_known|cosmic2	FALSE	FALSE	TRUE	FALSE
WNT1	2	PMCC|Cancermine	FALSE	FALSE	FALSE	TRUE
WRN	5	predispose|TEMPUS|familial_cancer|NGC_known|cosmic1	TRUE	FALSE	TRUE	FALSE
WT1	16	predispose|AZ300|PMCC|TS500|TEMPUS|familial_cancer|NGC_known|NGC_other|Cancermine|oncokb|msk_impact|msk_heme|foundation_one|foundation_one_heme|vogelstein|cosmic1	TRUE	TRUE	TRUE	TRUE
WWTR1	4	NGC_known|oncokb|msk_impact|cosmic1	FALSE	TRUE	FALSE	TRUE
XBP1	4	NGC_other|oncokb|msk_heme|foundation_one_heme	FALSE	FALSE	FALSE	FALSE
XIAP	3	TS500|oncokb|msk_impact	FALSE	FALSE	FALSE	FALSE
XPA	5	predispose|TEMPUS|familial_cancer|NGC_known|cosmic1	TRUE	FALSE	TRUE	FALSE
XPC	5	predispose|TEMPUS|familial_cancer|NGC_known|cosmic1	TRUE	FALSE	TRUE	FALSE
XPO1	11	PMCC|TS500|TEMPUS|NGC_known|NGC_other|oncokb|msk_impact|msk_heme|foundation_one|foundation_one_heme|cosmic1	FALSE	FALSE	FALSE	TRUE
XRCC2	6	predispose|TS500|TEMPUS|familial_cancer|oncokb|msk_impact	TRUE	FALSE	FALSE	FALSE
YAP1	4	TS500|Cancermine|oncokb|msk_impact	FALSE	FALSE	TRUE	TRUE
YES1	3	TS500|oncokb|msk_impact	FALSE	FALSE	FALSE	FALSE
YWHAE	2	NGC_known|cosmic1	FALSE	TRUE	TRUE	FALSE
ZBTB16	4	NGC_known|Cancermine|foundation_one_heme|cosmic1	FALSE	TRUE	TRUE	TRUE
ZBTB2	3	PMCC|TS500|foundation_one	FALSE	FALSE	FALSE	FALSE
ZBTB7A	2	TS500|Cancermine	FALSE	FALSE	FALSE	TRUE
ZCCHC8	2	NGC_known|cosmic2	FALSE	TRUE	FALSE	FALSE
ZEB1	4	NGC_known|NGC_other|Cancermine|cosmic2	FALSE	FALSE	TRUE	TRUE
ZFHX3	8	TS500|TEMPUS|NGC_known|NGC_other|Cancermine|oncokb|msk_impact|cosmic1	FALSE	FALSE	TRUE	FALSE
ZMYM2	3	NGC_known|NGC_other|foundation_one_heme	FALSE	TRUE	FALSE	FALSE
ZMYM3	4	NGC_known|NGC_other|foundation_one_heme|cosmic2	FALSE	FALSE	TRUE	FALSE
ZNF198	1	cosmic1	FALSE	TRUE	FALSE	FALSE
ZNF217	6	AZ300|PMCC|TS500|TEMPUS|foundation_one|foundation_one_heme	FALSE	FALSE	FALSE	FALSE
ZNF278	1	cosmic1	FALSE	FALSE	FALSE	FALSE
ZNF331	2	NGC_known|cosmic1	FALSE	TRUE	TRUE	FALSE
ZNF384	3	NGC_known|foundation_one_heme|cosmic1	FALSE	TRUE	FALSE	FALSE
ZNF429	2	NGC_known|cosmic2	FALSE	FALSE	FALSE	FALSE
ZNF479	2	NGC_known|cosmic2	FALSE	FALSE	FALSE	FALSE
ZNF521	4	NGC_known|NGC_other|foundation_one_heme|cosmic1	FALSE	TRUE	FALSE	TRUE
ZNF703	5	PMCC|TS500|Cancermine|foundation_one|foundation_one_heme	FALSE	FALSE	FALSE	TRUE
ZNF750	2	TEMPUS|NGC_other	FALSE	FALSE	FALSE	FALSE
ZNRF3	4	PMCC|TEMPUS|NGC_known|cosmic2	FALSE	FALSE	TRUE	FALSE
ZRSR2	9	TS500|TEMPUS|NGC_known|NGC_other|oncokb|msk_impact|msk_heme|foundation_one_heme|cosmic1	FALSE	FALSE	TRUE	FALSE
